CUDA Perishable Inventory VI - Sequential (Algorithm 3)
Instances: P1, P2, P3, P4 (checkpoint: results/P*_result.txt)

=== P1 (N=14641) ===
[P1] init 2000/14641
[P1] init 4000/14641
[P1] init 6000/14641
[P1] init 8000/14641
[P1] init 10000/14641
[P1] init 12000/14641
[P1] init 14000/14641
[P1] iter 1 state 2000/14641 (14%)
[P1] iter 1 state 4000/14641 (27%)
[P1] iter 1 state 6000/14641 (41%)
[P1] iter 1 state 8000/14641 (55%)
[P1] iter 1 state 10000/14641 (68%)
[P1] iter 1 state 12000/14641 (82%)
[P1] iter 1 state 14000/14641 (96%)
[P1] iter 1 state 14640/14641 (100%)
[P1] iter 1 done: span=8.118138 pi~5.8256 
[P1] iter 2 state 2000/14641 (14%)
[P1] iter 2 state 4000/14641 (27%)
[P1] iter 2 state 6000/14641 (41%)
[P1] iter 2 state 8000/14641 (55%)
[P1] iter 2 state 10000/14641 (68%)
[P1] iter 2 state 12000/14641 (82%)
[P1] iter 2 state 14000/14641 (96%)
[P1] iter 2 state 14640/14641 (100%)
[P1] iter 2 done: span=2.160335 pi~3.3021 
[P1] iter 3 state 2000/14641 (14%)
[P1] iter 3 state 4000/14641 (27%)
[P1] iter 3 state 6000/14641 (41%)
[P1] iter 3 state 8000/14641 (55%)
[P1] iter 3 state 10000/14641 (68%)
[P1] iter 3 state 12000/14641 (82%)
[P1] iter 3 state 14000/14641 (96%)
[P1] iter 3 state 14640/14641 (100%)
[P1] iter 3 done: span=1.088880 pi~3.7210 
[P1] iter 4 state 2000/14641 (14%)
[P1] iter 4 state 4000/14641 (27%)
[P1] iter 4 state 6000/14641 (41%)
[P1] iter 4 state 8000/14641 (55%)
[P1] iter 4 state 10000/14641 (68%)
[P1] iter 4 state 12000/14641 (82%)
[P1] iter 4 state 14000/14641 (96%)
[P1] iter 4 state 14640/14641 (100%)
[P1] iter 4 done: span=0.864200 pi~3.5557 
[P1] iter 5 state 2000/14641 (14%)
[P1] iter 5 state 4000/14641 (27%)
[P1] iter 5 state 6000/14641 (41%)
[P1] iter 5 state 8000/14641 (55%)
[P1] iter 5 state 10000/14641 (68%)
[P1] iter 5 state 12000/14641 (82%)
[P1] iter 5 state 14000/14641 (96%)
[P1] iter 5 state 14640/14641 (100%)
[P1] iter 5 done: span=0.812643 pi~3.5194 
[P1] iter 6 state 2000/14641 (14%)
[P1] iter 6 state 4000/14641 (27%)
[P1] iter 6 state 6000/14641 (41%)
[P1] iter 6 state 8000/14641 (55%)
[P1] iter 6 state 10000/14641 (68%)
[P1] iter 6 state 12000/14641 (82%)
[P1] iter 6 state 14000/14641 (96%)
[P1] iter 6 state 14640/14641 (100%)
[P1] iter 6 done: span=0.766965 pi~3.5318 
[P1] iter 7 state 2000/14641 (14%)
[P1] iter 7 state 4000/14641 (27%)
[P1] iter 7 state 6000/14641 (41%)
[P1] iter 7 state 8000/14641 (55%)
[P1] iter 7 state 10000/14641 (68%)
[P1] iter 7 state 12000/14641 (82%)
[P1] iter 7 state 14000/14641 (96%)
[P1] iter 7 state 14640/14641 (100%)
[P1] iter 7 done: span=0.753647 pi~3.4834 
[P1] iter 8 state 2000/14641 (14%)
[P1] iter 8 state 4000/14641 (27%)
[P1] iter 8 state 6000/14641 (41%)
[P1] iter 8 state 8000/14641 (55%)
[P1] iter 8 state 10000/14641 (68%)
[P1] iter 8 state 12000/14641 (82%)
[P1] iter 8 state 14000/14641 (96%)
[P1] iter 8 state 14640/14641 (100%)
[P1] iter 8 done: span=0.767678 pi~3.4648 
[P1] iter 9 state 2000/14641 (14%)
[P1] iter 9 state 4000/14641 (27%)
[P1] iter 9 state 6000/14641 (41%)
[P1] iter 9 state 8000/14641 (55%)
[P1] iter 9 state 10000/14641 (68%)
[P1] iter 9 state 12000/14641 (82%)
[P1] iter 9 state 14000/14641 (96%)
[P1] iter 9 state 14640/14641 (100%)
[P1] iter 9 done: span=0.760338 pi~3.4505 
[P1] iter 10 state 2000/14641 (14%)
[P1] iter 10 state 4000/14641 (27%)
[P1] iter 10 state 6000/14641 (41%)
[P1] iter 10 state 8000/14641 (55%)
[P1] iter 10 state 10000/14641 (68%)
[P1] iter 10 state 12000/14641 (82%)
[P1] iter 10 state 14000/14641 (96%)
[P1] iter 10 state 14640/14641 (100%)
[P1] iter 10 done: span=0.761916 pi~3.4270 
[P1] iter 11 state 2000/14641 (14%)
[P1] iter 11 state 4000/14641 (27%)
[P1] iter 11 state 6000/14641 (41%)
[P1] iter 11 state 8000/14641 (55%)
[P1] iter 11 state 10000/14641 (68%)
[P1] iter 11 state 12000/14641 (82%)
[P1] iter 11 state 14000/14641 (96%)
[P1] iter 11 state 14640/14641 (100%)
[P1] iter 11 done: span=0.757415 pi~3.4130 
[P1] iter 12 state 2000/14641 (14%)
[P1] iter 12 state 4000/14641 (27%)
[P1] iter 12 state 6000/14641 (41%)
[P1] iter 12 state 8000/14641 (55%)
[P1] iter 12 state 10000/14641 (68%)
[P1] iter 12 state 12000/14641 (82%)
[P1] iter 12 state 14000/14641 (96%)
[P1] iter 12 state 14640/14641 (100%)
[P1] iter 12 done: span=0.750286 pi~3.3936 
[P1] iter 13 state 2000/14641 (14%)
[P1] iter 13 state 4000/14641 (27%)
[P1] iter 13 state 6000/14641 (41%)
[P1] iter 13 state 8000/14641 (55%)
[P1] iter 13 state 10000/14641 (68%)
[P1] iter 13 state 12000/14641 (82%)
[P1] iter 13 state 14000/14641 (96%)
[P1] iter 13 state 14640/14641 (100%)
[P1] iter 13 done: span=0.733777 pi~3.3830 
[P1] iter 14 state 2000/14641 (14%)
[P1] iter 14 state 4000/14641 (27%)
[P1] iter 14 state 6000/14641 (41%)
[P1] iter 14 state 8000/14641 (55%)
[P1] iter 14 state 10000/14641 (68%)
[P1] iter 14 state 12000/14641 (82%)
[P1] iter 14 state 14000/14641 (96%)
[P1] iter 14 state 14640/14641 (100%)
[P1] iter 14 done: span=0.734299 pi~3.3725 
[P1] iter 15 state 2000/14641 (14%)
[P1] iter 15 state 4000/14641 (27%)
[P1] iter 15 state 6000/14641 (41%)
[P1] iter 15 state 8000/14641 (55%)
[P1] iter 15 state 10000/14641 (68%)
[P1] iter 15 state 12000/14641 (82%)
[P1] iter 15 state 14000/14641 (96%)
[P1] iter 15 state 14640/14641 (100%)
[P1] iter 15 done: span=0.725770 pi~3.3632 
[P1] iter 16 state 2000/14641 (14%)
[P1] iter 16 state 4000/14641 (27%)
[P1] iter 16 state 6000/14641 (41%)
[P1] iter 16 state 8000/14641 (55%)
[P1] iter 16 state 10000/14641 (68%)
[P1] iter 16 state 12000/14641 (82%)
[P1] iter 16 state 14000/14641 (96%)
[P1] iter 16 state 14640/14641 (100%)
[P1] iter 16 done: span=0.731806 pi~3.3550 
[P1] iter 17 state 2000/14641 (14%)
[P1] iter 17 state 4000/14641 (27%)
[P1] iter 17 state 6000/14641 (41%)
[P1] iter 17 state 8000/14641 (55%)
[P1] iter 17 state 10000/14641 (68%)
[P1] iter 17 state 12000/14641 (82%)
[P1] iter 17 state 14000/14641 (96%)
[P1] iter 17 state 14640/14641 (100%)
[P1] iter 17 done: span=0.714298 pi~3.3503 
[P1] iter 18 state 2000/14641 (14%)
[P1] iter 18 state 4000/14641 (27%)
[P1] iter 18 state 6000/14641 (41%)
[P1] iter 18 state 8000/14641 (55%)
[P1] iter 18 state 10000/14641 (68%)
[P1] iter 18 state 12000/14641 (82%)
[P1] iter 18 state 14000/14641 (96%)
[P1] iter 18 state 14640/14641 (100%)
[P1] iter 18 done: span=0.703943 pi~3.3471 
[P1] iter 19 state 2000/14641 (14%)
[P1] iter 19 state 4000/14641 (27%)
[P1] iter 19 state 6000/14641 (41%)
[P1] iter 19 state 8000/14641 (55%)
[P1] iter 19 state 10000/14641 (68%)
[P1] iter 19 state 12000/14641 (82%)
[P1] iter 19 state 14000/14641 (96%)
[P1] iter 19 state 14640/14641 (100%)
[P1] iter 19 done: span=0.697448 pi~3.3379 
[P1] iter 20 state 2000/14641 (14%)
[P1] iter 20 state 4000/14641 (27%)
[P1] iter 20 state 6000/14641 (41%)
[P1] iter 20 state 8000/14641 (55%)
[P1] iter 20 state 10000/14641 (68%)
[P1] iter 20 state 12000/14641 (82%)
[P1] iter 20 state 14000/14641 (96%)
[P1] iter 20 state 14640/14641 (100%)
[P1] iter 20 done: span=0.698627 pi~3.3282 
[P1] iter 21 state 2000/14641 (14%)
[P1] iter 21 state 4000/14641 (27%)
[P1] iter 21 state 6000/14641 (41%)
[P1] iter 21 state 8000/14641 (55%)
[P1] iter 21 state 10000/14641 (68%)
[P1] iter 21 state 12000/14641 (82%)
[P1] iter 21 state 14000/14641 (96%)
[P1] iter 21 state 14640/14641 (100%)
[P1] iter 21 done: span=0.697391 pi~3.3188 
[P1] iter 22 state 2000/14641 (14%)
[P1] iter 22 state 4000/14641 (27%)
[P1] iter 22 state 6000/14641 (41%)
[P1] iter 22 state 8000/14641 (55%)
[P1] iter 22 state 10000/14641 (68%)
[P1] iter 22 state 12000/14641 (82%)
[P1] iter 22 state 14000/14641 (96%)
[P1] iter 22 state 14640/14641 (100%)
[P1] iter 22 done: span=0.697341 pi~3.3098 
[P1] iter 23 state 2000/14641 (14%)
[P1] iter 23 state 4000/14641 (27%)
[P1] iter 23 state 6000/14641 (41%)
[P1] iter 23 state 8000/14641 (55%)
[P1] iter 23 state 10000/14641 (68%)
[P1] iter 23 state 12000/14641 (82%)
[P1] iter 23 state 14000/14641 (96%)
[P1] iter 23 state 14640/14641 (100%)
[P1] iter 23 done: span=0.694763 pi~3.3016 
[P1] iter 24 state 2000/14641 (14%)
[P1] iter 24 state 4000/14641 (27%)
[P1] iter 24 state 6000/14641 (41%)
[P1] iter 24 state 8000/14641 (55%)
[P1] iter 24 state 10000/14641 (68%)
[P1] iter 24 state 12000/14641 (82%)
[P1] iter 24 state 14000/14641 (96%)
[P1] iter 24 state 14640/14641 (100%)
[P1] iter 24 done: span=0.694105 pi~3.2937 
[P1] iter 25 state 2000/14641 (14%)
[P1] iter 25 state 4000/14641 (27%)
[P1] iter 25 state 6000/14641 (41%)
[P1] iter 25 state 8000/14641 (55%)
[P1] iter 25 state 10000/14641 (68%)
[P1] iter 25 state 12000/14641 (82%)
[P1] iter 25 state 14000/14641 (96%)
[P1] iter 25 state 14640/14641 (100%)
[P1] iter 25 done: span=0.694325 pi~3.2867 
[P1] iter 26 state 2000/14641 (14%)
[P1] iter 26 state 4000/14641 (27%)
[P1] iter 26 state 6000/14641 (41%)
[P1] iter 26 state 8000/14641 (55%)
[P1] iter 26 state 10000/14641 (68%)
[P1] iter 26 state 12000/14641 (82%)
[P1] iter 26 state 14000/14641 (96%)
[P1] iter 26 state 14640/14641 (100%)
[P1] iter 26 done: span=0.693641 pi~3.2805 
[P1] iter 27 state 2000/14641 (14%)
[P1] iter 27 state 4000/14641 (27%)
[P1] iter 27 state 6000/14641 (41%)
[P1] iter 27 state 8000/14641 (55%)
[P1] iter 27 state 10000/14641 (68%)
[P1] iter 27 state 12000/14641 (82%)
[P1] iter 27 state 14000/14641 (96%)
[P1] iter 27 state 14640/14641 (100%)
[P1] iter 27 done: span=0.693673 pi~3.2751 
[P1] iter 28 state 2000/14641 (14%)
[P1] iter 28 state 4000/14641 (27%)
[P1] iter 28 state 6000/14641 (41%)
[P1] iter 28 state 8000/14641 (55%)
[P1] iter 28 state 10000/14641 (68%)
[P1] iter 28 state 12000/14641 (82%)
[P1] iter 28 state 14000/14641 (96%)
[P1] iter 28 state 14640/14641 (100%)
[P1] iter 28 done: span=0.665041 pi~3.2845 
[P1] iter 29 state 2000/14641 (14%)
[P1] iter 29 state 4000/14641 (27%)
[P1] iter 29 state 6000/14641 (41%)
[P1] iter 29 state 8000/14641 (55%)
[P1] iter 29 state 10000/14641 (68%)
[P1] iter 29 state 12000/14641 (82%)
[P1] iter 29 state 14000/14641 (96%)
[P1] iter 29 state 14640/14641 (100%)
[P1] iter 29 done: span=0.661818 pi~3.2797 
[P1] iter 30 state 2000/14641 (14%)
[P1] iter 30 state 4000/14641 (27%)
[P1] iter 30 state 6000/14641 (41%)
[P1] iter 30 state 8000/14641 (55%)
[P1] iter 30 state 10000/14641 (68%)
[P1] iter 30 state 12000/14641 (82%)
[P1] iter 30 state 14000/14641 (96%)
[P1] iter 30 state 14640/14641 (100%)
[P1] iter 30 done: span=0.656908 pi~3.2766 
[P1] iter 31 state 2000/14641 (14%)
[P1] iter 31 state 4000/14641 (27%)
[P1] iter 31 state 6000/14641 (41%)
[P1] iter 31 state 8000/14641 (55%)
[P1] iter 31 state 10000/14641 (68%)
[P1] iter 31 state 12000/14641 (82%)
[P1] iter 31 state 14000/14641 (96%)
[P1] iter 31 state 14640/14641 (100%)
[P1] iter 31 done: span=0.655593 pi~3.2712 
[P1] iter 32 state 2000/14641 (14%)
[P1] iter 32 state 4000/14641 (27%)
[P1] iter 32 state 6000/14641 (41%)
[P1] iter 32 state 8000/14641 (55%)
[P1] iter 32 state 10000/14641 (68%)
[P1] iter 32 state 12000/14641 (82%)
[P1] iter 32 state 14000/14641 (96%)
[P1] iter 32 state 14640/14641 (100%)
[P1] iter 32 done: span=0.655212 pi~3.2673 
[P1] iter 33 state 2000/14641 (14%)
[P1] iter 33 state 4000/14641 (27%)
[P1] iter 33 state 6000/14641 (41%)
[P1] iter 33 state 8000/14641 (55%)
[P1] iter 33 state 10000/14641 (68%)
[P1] iter 33 state 12000/14641 (82%)
[P1] iter 33 state 14000/14641 (96%)
[P1] iter 33 state 14640/14641 (100%)
[P1] iter 33 done: span=0.654189 pi~3.2621 
[P1] iter 34 state 2000/14641 (14%)
[P1] iter 34 state 4000/14641 (27%)
[P1] iter 34 state 6000/14641 (41%)
[P1] iter 34 state 8000/14641 (55%)
[P1] iter 34 state 10000/14641 (68%)
[P1] iter 34 state 12000/14641 (82%)
[P1] iter 34 state 14000/14641 (96%)
[P1] iter 34 state 14640/14641 (100%)
[P1] iter 34 done: span=0.651822 pi~3.2575 
[P1] iter 35 state 2000/14641 (14%)
[P1] iter 35 state 4000/14641 (27%)
[P1] iter 35 state 6000/14641 (41%)
[P1] iter 35 state 8000/14641 (55%)
[P1] iter 35 state 10000/14641 (68%)
[P1] iter 35 state 12000/14641 (82%)
[P1] iter 35 state 14000/14641 (96%)
[P1] iter 35 state 14640/14641 (100%)
[P1] iter 35 done: span=0.650287 pi~3.2525 
[P1] iter 36 state 2000/14641 (14%)
[P1] iter 36 state 4000/14641 (27%)
[P1] iter 36 state 6000/14641 (41%)
[P1] iter 36 state 8000/14641 (55%)
[P1] iter 36 state 10000/14641 (68%)
[P1] iter 36 state 12000/14641 (82%)
[P1] iter 36 state 14000/14641 (96%)
[P1] iter 36 state 14640/14641 (100%)
[P1] iter 36 done: span=0.649562 pi~3.2473 
[P1] iter 37 state 2000/14641 (14%)
[P1] iter 37 state 4000/14641 (27%)
[P1] iter 37 state 6000/14641 (41%)
[P1] iter 37 state 8000/14641 (55%)
[P1] iter 37 state 10000/14641 (68%)
[P1] iter 37 state 12000/14641 (82%)
[P1] iter 37 state 14000/14641 (96%)
[P1] iter 37 state 14640/14641 (100%)
[P1] iter 37 done: span=0.648610 pi~3.2421 
[P1] iter 38 state 2000/14641 (14%)
[P1] iter 38 state 4000/14641 (27%)
[P1] iter 38 state 6000/14641 (41%)
[P1] iter 38 state 8000/14641 (55%)
[P1] iter 38 state 10000/14641 (68%)
[P1] iter 38 state 12000/14641 (82%)
[P1] iter 38 state 14000/14641 (96%)
[P1] iter 38 state 14640/14641 (100%)
[P1] iter 38 done: span=0.648063 pi~3.2368 
[P1] iter 39 state 2000/14641 (14%)
[P1] iter 39 state 4000/14641 (27%)
[P1] iter 39 state 6000/14641 (41%)
[P1] iter 39 state 8000/14641 (55%)
[P1] iter 39 state 10000/14641 (68%)
[P1] iter 39 state 12000/14641 (82%)
[P1] iter 39 state 14000/14641 (96%)
[P1] iter 39 state 14640/14641 (100%)
[P1] iter 39 done: span=0.646927 pi~3.2316 
[P1] iter 40 state 2000/14641 (14%)
[P1] iter 40 state 4000/14641 (27%)
[P1] iter 40 state 6000/14641 (41%)
[P1] iter 40 state 8000/14641 (55%)
[P1] iter 40 state 10000/14641 (68%)
[P1] iter 40 state 12000/14641 (82%)
[P1] iter 40 state 14000/14641 (96%)
[P1] iter 40 state 14640/14641 (100%)
[P1] iter 40 done: span=0.646274 pi~3.2266 
[P1] iter 41 state 2000/14641 (14%)
[P1] iter 41 state 4000/14641 (27%)
[P1] iter 41 state 6000/14641 (41%)
[P1] iter 41 state 8000/14641 (55%)
[P1] iter 41 state 10000/14641 (68%)
[P1] iter 41 state 12000/14641 (82%)
[P1] iter 41 state 14000/14641 (96%)
[P1] iter 41 state 14640/14641 (100%)
[P1] iter 41 done: span=0.645252 pi~3.2217 
[P1] iter 42 state 2000/14641 (14%)
[P1] iter 42 state 4000/14641 (27%)
[P1] iter 42 state 6000/14641 (41%)
[P1] iter 42 state 8000/14641 (55%)
[P1] iter 42 state 10000/14641 (68%)
[P1] iter 42 state 12000/14641 (82%)
[P1] iter 42 state 14000/14641 (96%)
[P1] iter 42 state 14640/14641 (100%)
[P1] iter 42 done: span=0.643792 pi~3.2168 
[P1] iter 43 state 2000/14641 (14%)
[P1] iter 43 state 4000/14641 (27%)
[P1] iter 43 state 6000/14641 (41%)
[P1] iter 43 state 8000/14641 (55%)
[P1] iter 43 state 10000/14641 (68%)
[P1] iter 43 state 12000/14641 (82%)
[P1] iter 43 state 14000/14641 (96%)
[P1] iter 43 state 14640/14641 (100%)
[P1] iter 43 done: span=0.642933 pi~3.2124 
[P1] iter 44 state 2000/14641 (14%)
[P1] iter 44 state 4000/14641 (27%)
[P1] iter 44 state 6000/14641 (41%)
[P1] iter 44 state 8000/14641 (55%)
[P1] iter 44 state 10000/14641 (68%)
[P1] iter 44 state 12000/14641 (82%)
[P1] iter 44 state 14000/14641 (96%)
[P1] iter 44 state 14640/14641 (100%)
[P1] iter 44 done: span=0.643556 pi~3.2083 
[P1] iter 45 state 2000/14641 (14%)
[P1] iter 45 state 4000/14641 (27%)
[P1] iter 45 state 6000/14641 (41%)
[P1] iter 45 state 8000/14641 (55%)
[P1] iter 45 state 10000/14641 (68%)
[P1] iter 45 state 12000/14641 (82%)
[P1] iter 45 state 14000/14641 (96%)
[P1] iter 45 state 14640/14641 (100%)
[P1] iter 45 done: span=0.644650 pi~3.2045 
[P1] iter 46 state 2000/14641 (14%)
[P1] iter 46 state 4000/14641 (27%)
[P1] iter 46 state 6000/14641 (41%)
[P1] iter 46 state 8000/14641 (55%)
[P1] iter 46 state 10000/14641 (68%)
[P1] iter 46 state 12000/14641 (82%)
[P1] iter 46 state 14000/14641 (96%)
[P1] iter 46 state 14640/14641 (100%)
[P1] iter 46 done: span=0.644890 pi~3.2011 
[P1] iter 47 state 2000/14641 (14%)
[P1] iter 47 state 4000/14641 (27%)
[P1] iter 47 state 6000/14641 (41%)
[P1] iter 47 state 8000/14641 (55%)
[P1] iter 47 state 10000/14641 (68%)
[P1] iter 47 state 12000/14641 (82%)
[P1] iter 47 state 14000/14641 (96%)
[P1] iter 47 state 14640/14641 (100%)
[P1] iter 47 done: span=0.644585 pi~3.1979 
[P1] iter 48 state 2000/14641 (14%)
[P1] iter 48 state 4000/14641 (27%)
[P1] iter 48 state 6000/14641 (41%)
[P1] iter 48 state 8000/14641 (55%)
[P1] iter 48 state 10000/14641 (68%)
[P1] iter 48 state 12000/14641 (82%)
[P1] iter 48 state 14000/14641 (96%)
[P1] iter 48 state 14640/14641 (100%)
[P1] iter 48 done: span=0.636295 pi~3.2003 
[P1] iter 49 state 2000/14641 (14%)
[P1] iter 49 state 4000/14641 (27%)
[P1] iter 49 state 6000/14641 (41%)
[P1] iter 49 state 8000/14641 (55%)
[P1] iter 49 state 10000/14641 (68%)
[P1] iter 49 state 12000/14641 (82%)
[P1] iter 49 state 14000/14641 (96%)
[P1] iter 49 state 14640/14641 (100%)
[P1] iter 49 done: span=0.635783 pi~3.1972 
[P1] iter 50 state 2000/14641 (14%)
[P1] iter 50 state 4000/14641 (27%)
[P1] iter 50 state 6000/14641 (41%)
[P1] iter 50 state 8000/14641 (55%)
[P1] iter 50 state 10000/14641 (68%)
[P1] iter 50 state 12000/14641 (82%)
[P1] iter 50 state 14000/14641 (96%)
[P1] iter 50 state 14640/14641 (100%)
[P1] iter 50 done: span=0.635222 pi~3.1942 
[P1] iter 51 state 2000/14641 (14%)
[P1] iter 51 state 4000/14641 (27%)
[P1] iter 51 state 6000/14641 (41%)
[P1] iter 51 state 8000/14641 (55%)
[P1] iter 51 state 10000/14641 (68%)
[P1] iter 51 state 12000/14641 (82%)
[P1] iter 51 state 14000/14641 (96%)
[P1] iter 51 state 14640/14641 (100%)
[P1] iter 51 done: span=0.634472 pi~3.1916 
[P1] iter 52 state 2000/14641 (14%)
[P1] iter 52 state 4000/14641 (27%)
[P1] iter 52 state 6000/14641 (41%)
[P1] iter 52 state 8000/14641 (55%)
[P1] iter 52 state 10000/14641 (68%)
[P1] iter 52 state 12000/14641 (82%)
[P1] iter 52 state 14000/14641 (96%)
[P1] iter 52 state 14640/14641 (100%)
[P1] iter 52 done: span=0.633945 pi~3.1889 
[P1] iter 53 state 2000/14641 (14%)
[P1] iter 53 state 4000/14641 (27%)
[P1] iter 53 state 6000/14641 (41%)
[P1] iter 53 state 8000/14641 (55%)
[P1] iter 53 state 10000/14641 (68%)
[P1] iter 53 state 12000/14641 (82%)
[P1] iter 53 state 14000/14641 (96%)
[P1] iter 53 state 14640/14641 (100%)
[P1] iter 53 done: span=0.630448 pi~3.1875 
[P1] iter 54 state 2000/14641 (14%)
[P1] iter 54 state 4000/14641 (27%)
[P1] iter 54 state 6000/14641 (41%)
[P1] iter 54 state 8000/14641 (55%)
[P1] iter 54 state 10000/14641 (68%)
[P1] iter 54 state 12000/14641 (82%)
[P1] iter 54 state 14000/14641 (96%)
[P1] iter 54 state 14640/14641 (100%)
[P1] iter 54 done: span=0.623226 pi~3.1882 
[P1] iter 55 state 2000/14641 (14%)
[P1] iter 55 state 4000/14641 (27%)
[P1] iter 55 state 6000/14641 (41%)
[P1] iter 55 state 8000/14641 (55%)
[P1] iter 55 state 10000/14641 (68%)
[P1] iter 55 state 12000/14641 (82%)
[P1] iter 55 state 14000/14641 (96%)
[P1] iter 55 state 14640/14641 (100%)
[P1] iter 55 done: span=0.620452 pi~3.1865 
[P1] iter 56 state 2000/14641 (14%)
[P1] iter 56 state 4000/14641 (27%)
[P1] iter 56 state 6000/14641 (41%)
[P1] iter 56 state 8000/14641 (55%)
[P1] iter 56 state 10000/14641 (68%)
[P1] iter 56 state 12000/14641 (82%)
[P1] iter 56 state 14000/14641 (96%)
[P1] iter 56 state 14640/14641 (100%)
[P1] iter 56 done: span=0.619464 pi~3.1840 
[P1] iter 57 state 2000/14641 (14%)
[P1] iter 57 state 4000/14641 (27%)
[P1] iter 57 state 6000/14641 (41%)
[P1] iter 57 state 8000/14641 (55%)
[P1] iter 57 state 10000/14641 (68%)
[P1] iter 57 state 12000/14641 (82%)
[P1] iter 57 state 14000/14641 (96%)
[P1] iter 57 state 14640/14641 (100%)
[P1] iter 57 done: span=0.618855 pi~3.1813 
[P1] iter 58 state 2000/14641 (14%)
[P1] iter 58 state 4000/14641 (27%)
[P1] iter 58 state 6000/14641 (41%)
[P1] iter 58 state 8000/14641 (55%)
[P1] iter 58 state 10000/14641 (68%)
[P1] iter 58 state 12000/14641 (82%)
[P1] iter 58 state 14000/14641 (96%)
[P1] iter 58 state 14640/14641 (100%)
[P1] iter 58 done: span=0.617618 pi~3.1789 
[P1] iter 59 state 2000/14641 (14%)
[P1] iter 59 state 4000/14641 (27%)
[P1] iter 59 state 6000/14641 (41%)
[P1] iter 59 state 8000/14641 (55%)
[P1] iter 59 state 10000/14641 (68%)
[P1] iter 59 state 12000/14641 (82%)
[P1] iter 59 state 14000/14641 (96%)
[P1] iter 59 state 14640/14641 (100%)
[P1] iter 59 done: span=0.616961 pi~3.1762 
[P1] iter 60 state 2000/14641 (14%)
[P1] iter 60 state 4000/14641 (27%)
[P1] iter 60 state 6000/14641 (41%)
[P1] iter 60 state 8000/14641 (55%)
[P1] iter 60 state 10000/14641 (68%)
[P1] iter 60 state 12000/14641 (82%)
[P1] iter 60 state 14000/14641 (96%)
[P1] iter 60 state 14640/14641 (100%)
[P1] iter 60 done: span=0.616416 pi~3.1735 
[P1] iter 61 state 2000/14641 (14%)
[P1] iter 61 state 4000/14641 (27%)
[P1] iter 61 state 6000/14641 (41%)
[P1] iter 61 state 8000/14641 (55%)
[P1] iter 61 state 10000/14641 (68%)
[P1] iter 61 state 12000/14641 (82%)
[P1] iter 61 state 14000/14641 (96%)
[P1] iter 61 state 14640/14641 (100%)
[P1] iter 61 done: span=0.616522 pi~3.1712 
[P1] iter 62 state 2000/14641 (14%)
[P1] iter 62 state 4000/14641 (27%)
[P1] iter 62 state 6000/14641 (41%)
[P1] iter 62 state 8000/14641 (55%)
[P1] iter 62 state 10000/14641 (68%)
[P1] iter 62 state 12000/14641 (82%)
[P1] iter 62 state 14000/14641 (96%)
[P1] iter 62 state 14640/14641 (100%)
[P1] iter 62 done: span=0.615982 pi~3.1685 
[P1] iter 63 state 2000/14641 (14%)
[P1] iter 63 state 4000/14641 (27%)
[P1] iter 63 state 6000/14641 (41%)
[P1] iter 63 state 8000/14641 (55%)
[P1] iter 63 state 10000/14641 (68%)
[P1] iter 63 state 12000/14641 (82%)
[P1] iter 63 state 14000/14641 (96%)
[P1] iter 63 state 14640/14641 (100%)
[P1] iter 63 done: span=0.615461 pi~3.1658 
[P1] iter 64 state 2000/14641 (14%)
[P1] iter 64 state 4000/14641 (27%)
[P1] iter 64 state 6000/14641 (41%)
[P1] iter 64 state 8000/14641 (55%)
[P1] iter 64 state 10000/14641 (68%)
[P1] iter 64 state 12000/14641 (82%)
[P1] iter 64 state 14000/14641 (96%)
[P1] iter 64 state 14640/14641 (100%)
[P1] iter 64 done: span=0.614926 pi~3.1631 
[P1] iter 65 state 2000/14641 (14%)
[P1] iter 65 state 4000/14641 (27%)
[P1] iter 65 state 6000/14641 (41%)
[P1] iter 65 state 8000/14641 (55%)
[P1] iter 65 state 10000/14641 (68%)
[P1] iter 65 state 12000/14641 (82%)
[P1] iter 65 state 14000/14641 (96%)
[P1] iter 65 state 14640/14641 (100%)
[P1] iter 65 done: span=0.616898 pi~3.1617 
[P1] iter 66 state 2000/14641 (14%)
[P1] iter 66 state 4000/14641 (27%)
[P1] iter 66 state 6000/14641 (41%)
[P1] iter 66 state 8000/14641 (55%)
[P1] iter 66 state 10000/14641 (68%)
[P1] iter 66 state 12000/14641 (82%)
[P1] iter 66 state 14000/14641 (96%)
[P1] iter 66 state 14640/14641 (100%)
[P1] iter 66 done: span=0.619007 pi~3.1603 
[P1] iter 67 state 2000/14641 (14%)
[P1] iter 67 state 4000/14641 (27%)
[P1] iter 67 state 6000/14641 (41%)
[P1] iter 67 state 8000/14641 (55%)
[P1] iter 67 state 10000/14641 (68%)
[P1] iter 67 state 12000/14641 (82%)
[P1] iter 67 state 14000/14641 (96%)
[P1] iter 67 state 14640/14641 (100%)
[P1] iter 67 done: span=0.621056 pi~3.1591 
[P1] iter 68 state 2000/14641 (14%)
[P1] iter 68 state 4000/14641 (27%)
[P1] iter 68 state 6000/14641 (41%)
[P1] iter 68 state 8000/14641 (55%)
[P1] iter 68 state 10000/14641 (68%)
[P1] iter 68 state 12000/14641 (82%)
[P1] iter 68 state 14000/14641 (96%)
[P1] iter 68 state 14640/14641 (100%)
[P1] iter 68 done: span=0.623016 pi~3.1579 
[P1] iter 69 state 2000/14641 (14%)
[P1] iter 69 state 4000/14641 (27%)
[P1] iter 69 state 6000/14641 (41%)
[P1] iter 69 state 8000/14641 (55%)
[P1] iter 69 state 10000/14641 (68%)
[P1] iter 69 state 12000/14641 (82%)
[P1] iter 69 state 14000/14641 (96%)
[P1] iter 69 state 14640/14641 (100%)
[P1] iter 69 done: span=0.625097 pi~3.1566 
[P1] iter 70 state 2000/14641 (14%)
[P1] iter 70 state 4000/14641 (27%)
[P1] iter 70 state 6000/14641 (41%)
[P1] iter 70 state 8000/14641 (55%)
[P1] iter 70 state 10000/14641 (68%)
[P1] iter 70 state 12000/14641 (82%)
[P1] iter 70 state 14000/14641 (96%)
[P1] iter 70 state 14640/14641 (100%)
[P1] iter 70 done: span=0.627045 pi~3.1552 
[P1] iter 71 state 2000/14641 (14%)
[P1] iter 71 state 4000/14641 (27%)
[P1] iter 71 state 6000/14641 (41%)
[P1] iter 71 state 8000/14641 (55%)
[P1] iter 71 state 10000/14641 (68%)
[P1] iter 71 state 12000/14641 (82%)
[P1] iter 71 state 14000/14641 (96%)
[P1] iter 71 state 14640/14641 (100%)
[P1] iter 71 done: span=0.629041 pi~3.1540 
[P1] iter 72 state 2000/14641 (14%)
[P1] iter 72 state 4000/14641 (27%)
[P1] iter 72 state 6000/14641 (41%)
[P1] iter 72 state 8000/14641 (55%)
[P1] iter 72 state 10000/14641 (68%)
[P1] iter 72 state 12000/14641 (82%)
[P1] iter 72 state 14000/14641 (96%)
[P1] iter 72 state 14640/14641 (100%)
[P1] iter 72 done: span=0.630918 pi~3.1526 
[P1] iter 73 state 2000/14641 (14%)
[P1] iter 73 state 4000/14641 (27%)
[P1] iter 73 state 6000/14641 (41%)
[P1] iter 73 state 8000/14641 (55%)
[P1] iter 73 state 10000/14641 (68%)
[P1] iter 73 state 12000/14641 (82%)
[P1] iter 73 state 14000/14641 (96%)
[P1] iter 73 state 14640/14641 (100%)
[P1] iter 73 done: span=0.632431 pi~3.1515 
[P1] iter 74 state 2000/14641 (14%)
[P1] iter 74 state 4000/14641 (27%)
[P1] iter 74 state 6000/14641 (41%)
[P1] iter 74 state 8000/14641 (55%)
[P1] iter 74 state 10000/14641 (68%)
[P1] iter 74 state 12000/14641 (82%)
[P1] iter 74 state 14000/14641 (96%)
[P1] iter 74 state 14640/14641 (100%)
[P1] iter 74 done: span=0.632488 pi~3.1512 
[P1] iter 75 state 2000/14641 (14%)
[P1] iter 75 state 4000/14641 (27%)
[P1] iter 75 state 6000/14641 (41%)
[P1] iter 75 state 8000/14641 (55%)
[P1] iter 75 state 10000/14641 (68%)
[P1] iter 75 state 12000/14641 (82%)
[P1] iter 75 state 14000/14641 (96%)
[P1] iter 75 state 14640/14641 (100%)
[P1] iter 75 done: span=0.634437 pi~3.1500 
[P1] iter 76 state 2000/14641 (14%)
[P1] iter 76 state 4000/14641 (27%)
[P1] iter 76 state 6000/14641 (41%)
[P1] iter 76 state 8000/14641 (55%)
[P1] iter 76 state 10000/14641 (68%)
[P1] iter 76 state 12000/14641 (82%)
[P1] iter 76 state 14000/14641 (96%)
[P1] iter 76 state 14640/14641 (100%)
[P1] iter 76 done: span=0.636401 pi~3.1488 
[P1] iter 77 state 2000/14641 (14%)
[P1] iter 77 state 4000/14641 (27%)
[P1] iter 77 state 6000/14641 (41%)
[P1] iter 77 state 8000/14641 (55%)
[P1] iter 77 state 10000/14641 (68%)
[P1] iter 77 state 12000/14641 (82%)
[P1] iter 77 state 14000/14641 (96%)
[P1] iter 77 state 14640/14641 (100%)
[P1] iter 77 done: span=0.637612 pi~3.1480 
[P1] iter 78 state 2000/14641 (14%)
[P1] iter 78 state 4000/14641 (27%)
[P1] iter 78 state 6000/14641 (41%)
[P1] iter 78 state 8000/14641 (55%)
[P1] iter 78 state 10000/14641 (68%)
[P1] iter 78 state 12000/14641 (82%)
[P1] iter 78 state 14000/14641 (96%)
[P1] iter 78 state 14640/14641 (100%)
[P1] iter 78 done: span=0.639316 pi~3.1470 
[P1] iter 79 state 2000/14641 (14%)
[P1] iter 79 state 4000/14641 (27%)
[P1] iter 79 state 6000/14641 (41%)
[P1] iter 79 state 8000/14641 (55%)
[P1] iter 79 state 10000/14641 (68%)
[P1] iter 79 state 12000/14641 (82%)
[P1] iter 79 state 14000/14641 (96%)
[P1] iter 79 state 14640/14641 (100%)
[P1] iter 79 done: span=0.640666 pi~3.1462 
[P1] iter 80 state 2000/14641 (14%)
[P1] iter 80 state 4000/14641 (27%)
[P1] iter 80 state 6000/14641 (41%)
[P1] iter 80 state 8000/14641 (55%)
[P1] iter 80 state 10000/14641 (68%)
[P1] iter 80 state 12000/14641 (82%)
[P1] iter 80 state 14000/14641 (96%)
[P1] iter 80 state 14640/14641 (100%)
[P1] iter 80 done: span=0.640149 pi~3.1463 
[P1] iter 81 state 2000/14641 (14%)
[P1] iter 81 state 4000/14641 (27%)
[P1] iter 81 state 6000/14641 (41%)
[P1] iter 81 state 8000/14641 (55%)
[P1] iter 81 state 10000/14641 (68%)
[P1] iter 81 state 12000/14641 (82%)
[P1] iter 81 state 14000/14641 (96%)
[P1] iter 81 state 14640/14641 (100%)
[P1] iter 81 done: span=0.642007 pi~3.1453 
[P1] iter 82 state 2000/14641 (14%)
[P1] iter 82 state 4000/14641 (27%)
[P1] iter 82 state 6000/14641 (41%)
[P1] iter 82 state 8000/14641 (55%)
[P1] iter 82 state 10000/14641 (68%)
[P1] iter 82 state 12000/14641 (82%)
[P1] iter 82 state 14000/14641 (96%)
[P1] iter 82 state 14640/14641 (100%)
[P1] iter 82 done: span=0.643814 pi~3.1444 
[P1] iter 83 state 2000/14641 (14%)
[P1] iter 83 state 4000/14641 (27%)
[P1] iter 83 state 6000/14641 (41%)
[P1] iter 83 state 8000/14641 (55%)
[P1] iter 83 state 10000/14641 (68%)
[P1] iter 83 state 12000/14641 (82%)
[P1] iter 83 state 14000/14641 (96%)
[P1] iter 83 state 14640/14641 (100%)
[P1] iter 83 done: span=0.645298 pi~3.1436 
[P1] iter 84 state 2000/14641 (14%)
[P1] iter 84 state 4000/14641 (27%)
[P1] iter 84 state 6000/14641 (41%)
[P1] iter 84 state 8000/14641 (55%)
[P1] iter 84 state 10000/14641 (68%)
[P1] iter 84 state 12000/14641 (82%)
[P1] iter 84 state 14000/14641 (96%)
[P1] iter 84 state 14640/14641 (100%)
[P1] iter 84 done: span=0.646967 pi~3.1428 
[P1] iter 85 state 2000/14641 (14%)
[P1] iter 85 state 4000/14641 (27%)
[P1] iter 85 state 6000/14641 (41%)
[P1] iter 85 state 8000/14641 (55%)
[P1] iter 85 state 10000/14641 (68%)
[P1] iter 85 state 12000/14641 (82%)
[P1] iter 85 state 14000/14641 (96%)
[P1] iter 85 state 14640/14641 (100%)
[P1] iter 85 done: span=0.648877 pi~3.1418 
[P1] iter 86 state 2000/14641 (14%)
[P1] iter 86 state 4000/14641 (27%)
[P1] iter 86 state 6000/14641 (41%)
[P1] iter 86 state 8000/14641 (55%)
[P1] iter 86 state 10000/14641 (68%)
[P1] iter 86 state 12000/14641 (82%)
[P1] iter 86 state 14000/14641 (96%)
[P1] iter 86 state 14640/14641 (100%)
[P1] iter 86 done: span=0.650807 pi~3.1409 
[P1] iter 87 state 2000/14641 (14%)
[P1] iter 87 state 4000/14641 (27%)
[P1] iter 87 state 6000/14641 (41%)
[P1] iter 87 state 8000/14641 (55%)
[P1] iter 87 state 10000/14641 (68%)
[P1] iter 87 state 12000/14641 (82%)
[P1] iter 87 state 14000/14641 (96%)
[P1] iter 87 state 14640/14641 (100%)
[P1] iter 87 done: span=0.652730 pi~3.1399 
[P1] iter 88 state 2000/14641 (14%)
[P1] iter 88 state 4000/14641 (27%)
[P1] iter 88 state 6000/14641 (41%)
[P1] iter 88 state 8000/14641 (55%)
[P1] iter 88 state 10000/14641 (68%)
[P1] iter 88 state 12000/14641 (82%)
[P1] iter 88 state 14000/14641 (96%)
[P1] iter 88 state 14640/14641 (100%)
[P1] iter 88 done: span=0.654658 pi~3.1389 
[P1] iter 89 state 2000/14641 (14%)
[P1] iter 89 state 4000/14641 (27%)
[P1] iter 89 state 6000/14641 (41%)
[P1] iter 89 state 8000/14641 (55%)
[P1] iter 89 state 10000/14641 (68%)
[P1] iter 89 state 12000/14641 (82%)
[P1] iter 89 state 14000/14641 (96%)
[P1] iter 89 state 14640/14641 (100%)
[P1] iter 89 done: span=0.656583 pi~3.1380 
[P1] iter 90 state 2000/14641 (14%)
[P1] iter 90 state 4000/14641 (27%)
[P1] iter 90 state 6000/14641 (41%)
[P1] iter 90 state 8000/14641 (55%)
[P1] iter 90 state 10000/14641 (68%)
[P1] iter 90 state 12000/14641 (82%)
[P1] iter 90 state 14000/14641 (96%)
[P1] iter 90 state 14640/14641 (100%)
[P1] iter 90 done: span=0.658506 pi~3.1370 
[P1] iter 91 state 2000/14641 (14%)
[P1] iter 91 state 4000/14641 (27%)
[P1] iter 91 state 6000/14641 (41%)
[P1] iter 91 state 8000/14641 (55%)
[P1] iter 91 state 10000/14641 (68%)
[P1] iter 91 state 12000/14641 (82%)
[P1] iter 91 state 14000/14641 (96%)
[P1] iter 91 state 14640/14641 (100%)
[P1] iter 91 done: span=0.660427 pi~3.1360 
[P1] iter 92 state 2000/14641 (14%)
[P1] iter 92 state 4000/14641 (27%)
[P1] iter 92 state 6000/14641 (41%)
[P1] iter 92 state 8000/14641 (55%)
[P1] iter 92 state 10000/14641 (68%)
[P1] iter 92 state 12000/14641 (82%)
[P1] iter 92 state 14000/14641 (96%)
[P1] iter 92 state 14640/14641 (100%)
[P1] iter 92 done: span=0.662346 pi~3.1351 
[P1] iter 93 state 2000/14641 (14%)
[P1] iter 93 state 4000/14641 (27%)
[P1] iter 93 state 6000/14641 (41%)
[P1] iter 93 state 8000/14641 (55%)
[P1] iter 93 state 10000/14641 (68%)
[P1] iter 93 state 12000/14641 (82%)
[P1] iter 93 state 14000/14641 (96%)
[P1] iter 93 state 14640/14641 (100%)
[P1] iter 93 done: span=0.664264 pi~3.1341 
[P1] iter 94 state 2000/14641 (14%)
[P1] iter 94 state 4000/14641 (27%)
[P1] iter 94 state 6000/14641 (41%)
[P1] iter 94 state 8000/14641 (55%)
[P1] iter 94 state 10000/14641 (68%)
[P1] iter 94 state 12000/14641 (82%)
[P1] iter 94 state 14000/14641 (96%)
[P1] iter 94 state 14640/14641 (100%)
[P1] iter 94 done: span=0.666162 pi~3.1332 
[P1] iter 95 state 2000/14641 (14%)
[P1] iter 95 state 4000/14641 (27%)
[P1] iter 95 state 6000/14641 (41%)
[P1] iter 95 state 8000/14641 (55%)
[P1] iter 95 state 10000/14641 (68%)
[P1] iter 95 state 12000/14641 (82%)
[P1] iter 95 state 14000/14641 (96%)
[P1] iter 95 state 14640/14641 (100%)
[P1] iter 95 done: span=0.668068 pi~3.1322 
[P1] iter 96 state 2000/14641 (14%)
[P1] iter 96 state 4000/14641 (27%)
[P1] iter 96 state 6000/14641 (41%)
[P1] iter 96 state 8000/14641 (55%)
[P1] iter 96 state 10000/14641 (68%)
[P1] iter 96 state 12000/14641 (82%)
[P1] iter 96 state 14000/14641 (96%)
[P1] iter 96 state 14640/14641 (100%)
[P1] iter 96 done: span=0.669979 pi~3.1313 
[P1] iter 97 state 2000/14641 (14%)
[P1] iter 97 state 4000/14641 (27%)
[P1] iter 97 state 6000/14641 (41%)
[P1] iter 97 state 8000/14641 (55%)
[P1] iter 97 state 10000/14641 (68%)
[P1] iter 97 state 12000/14641 (82%)
[P1] iter 97 state 14000/14641 (96%)
[P1] iter 97 state 14640/14641 (100%)
[P1] iter 97 done: span=0.671888 pi~3.1303 
[P1] iter 98 state 2000/14641 (14%)
[P1] iter 98 state 4000/14641 (27%)
[P1] iter 98 state 6000/14641 (41%)
[P1] iter 98 state 8000/14641 (55%)
[P1] iter 98 state 10000/14641 (68%)
[P1] iter 98 state 12000/14641 (82%)
[P1] iter 98 state 14000/14641 (96%)
[P1] iter 98 state 14640/14641 (100%)
[P1] iter 98 done: span=0.673797 pi~3.1294 
[P1] iter 99 state 2000/14641 (14%)
[P1] iter 99 state 4000/14641 (27%)
[P1] iter 99 state 6000/14641 (41%)
[P1] iter 99 state 8000/14641 (55%)
[P1] iter 99 state 10000/14641 (68%)
[P1] iter 99 state 12000/14641 (82%)
[P1] iter 99 state 14000/14641 (96%)
[P1] iter 99 state 14640/14641 (100%)
[P1] iter 99 done: span=0.675703 pi~3.1284 
[P1] iter 100 state 2000/14641 (14%)
[P1] iter 100 state 4000/14641 (27%)
[P1] iter 100 state 6000/14641 (41%)
[P1] iter 100 state 8000/14641 (55%)
[P1] iter 100 state 10000/14641 (68%)
[P1] iter 100 state 12000/14641 (82%)
[P1] iter 100 state 14000/14641 (96%)
[P1] iter 100 state 14640/14641 (100%)
[P1] iter 100 done: span=0.677610 pi~3.1275 
P1: mu_a=5 mu_b=5 Qa=11 Qb=11 N=14641
  iter=100 pi=3.1275 time=46276.32s -> results/P1_result.txt

=== P2 (N=20449) ===
[P2] init 2000/20449
[P2] init 4000/20449
[P2] init 6000/20449
[P2] init 8000/20449
[P2] init 10000/20449
[P2] init 12000/20449
[P2] init 14000/20449
[P2] init 16000/20449
[P2] init 18000/20449
[P2] init 20000/20449
[P2] iter 1 state 2000/20449 (10%)
[P2] iter 1 state 4000/20449 (20%)
[P2] iter 1 state 6000/20449 (29%)
[P2] iter 1 state 8000/20449 (39%)
[P2] iter 1 state 10000/20449 (49%)
[P2] iter 1 state 12000/20449 (59%)
[P2] iter 1 state 14000/20449 (68%)
[P2] iter 1 state 16000/20449 (78%)
[P2] iter 1 state 18000/20449 (88%)
[P2] iter 1 state 20000/20449 (98%)
[P2] iter 1 state 20448/20449 (100%)
[P2] iter 1 done: span=8.953894 pi~6.4401 
[P2] iter 2 state 2000/20449 (10%)
[P2] iter 2 state 4000/20449 (20%)
[P2] iter 2 state 6000/20449 (29%)
[P2] iter 2 state 8000/20449 (39%)
[P2] iter 2 state 10000/20449 (49%)
[P2] iter 2 state 12000/20449 (59%)
[P2] iter 2 state 14000/20449 (68%)
[P2] iter 2 state 16000/20449 (78%)
[P2] iter 2 state 18000/20449 (88%)
[P2] iter 2 state 20000/20449 (98%)
[P2] iter 2 state 20448/20449 (100%)
[P2] iter 2 done: span=2.366458 pi~3.7069 
[P2] iter 3 state 2000/20449 (10%)
[P2] iter 3 state 4000/20449 (20%)
[P2] iter 3 state 6000/20449 (29%)
[P2] iter 3 state 8000/20449 (39%)
[P2] iter 3 state 10000/20449 (49%)
[P2] iter 3 state 12000/20449 (59%)
[P2] iter 3 state 14000/20449 (68%)
[P2] iter 3 state 16000/20449 (78%)
[P2] iter 3 state 18000/20449 (88%)
[P2] iter 3 state 20000/20449 (98%)
[P2] iter 3 state 20448/20449 (100%)
[P2] iter 3 done: span=1.189653 pi~4.2083 
[P2] iter 4 state 2000/20449 (10%)
[P2] iter 4 state 4000/20449 (20%)
[P2] iter 4 state 6000/20449 (29%)
[P2] iter 4 state 8000/20449 (39%)
[P2] iter 4 state 10000/20449 (49%)
[P2] iter 4 state 12000/20449 (59%)
[P2] iter 4 state 14000/20449 (68%)
[P2] iter 4 state 16000/20449 (78%)
[P2] iter 4 state 18000/20449 (88%)
[P2] iter 4 state 20000/20449 (98%)
[P2] iter 4 state 20448/20449 (100%)
[P2] iter 4 done: span=0.970703 pi~4.0083 
[P2] iter 5 state 2000/20449 (10%)
[P2] iter 5 state 4000/20449 (20%)
[P2] iter 5 state 6000/20449 (29%)
[P2] iter 5 state 8000/20449 (39%)
[P2] iter 5 state 10000/20449 (49%)
[P2] iter 5 state 12000/20449 (59%)
[P2] iter 5 state 14000/20449 (68%)
[P2] iter 5 state 16000/20449 (78%)
[P2] iter 5 state 18000/20449 (88%)
[P2] iter 5 state 20000/20449 (98%)
[P2] iter 5 state 20448/20449 (100%)
[P2] iter 5 done: span=0.887927 pi~3.9718 
[P2] iter 6 state 2000/20449 (10%)
[P2] iter 6 state 4000/20449 (20%)
[P2] iter 6 state 6000/20449 (29%)
[P2] iter 6 state 8000/20449 (39%)
[P2] iter 6 state 10000/20449 (49%)
[P2] iter 6 state 12000/20449 (59%)
[P2] iter 6 state 14000/20449 (68%)
[P2] iter 6 state 16000/20449 (78%)
[P2] iter 6 state 18000/20449 (88%)
[P2] iter 6 state 20000/20449 (98%)
[P2] iter 6 state 20448/20449 (100%)
[P2] iter 6 done: span=0.858738 pi~3.9822 
[P2] iter 7 state 2000/20449 (10%)
[P2] iter 7 state 4000/20449 (20%)
[P2] iter 7 state 6000/20449 (29%)
[P2] iter 7 state 8000/20449 (39%)
[P2] iter 7 state 10000/20449 (49%)
[P2] iter 7 state 12000/20449 (59%)
[P2] iter 7 state 14000/20449 (68%)
[P2] iter 7 state 16000/20449 (78%)
[P2] iter 7 state 18000/20449 (88%)
[P2] iter 7 state 20000/20449 (98%)
[P2] iter 7 state 20448/20449 (100%)
[P2] iter 7 done: span=0.847743 pi~3.9381 
[P2] iter 8 state 2000/20449 (10%)
[P2] iter 8 state 4000/20449 (20%)
[P2] iter 8 state 6000/20449 (29%)
[P2] iter 8 state 8000/20449 (39%)
[P2] iter 8 state 10000/20449 (49%)
[P2] iter 8 state 12000/20449 (59%)
[P2] iter 8 state 14000/20449 (68%)
[P2] iter 8 state 16000/20449 (78%)
[P2] iter 8 state 18000/20449 (88%)
[P2] iter 8 state 20000/20449 (98%)
[P2] iter 8 state 20448/20449 (100%)
[P2] iter 8 done: span=0.835517 pi~3.9078 
[P2] iter 9 state 2000/20449 (10%)
[P2] iter 9 state 4000/20449 (20%)
[P2] iter 9 state 6000/20449 (29%)
[P2] iter 9 state 8000/20449 (39%)
[P2] iter 9 state 10000/20449 (49%)
[P2] iter 9 state 12000/20449 (59%)
[P2] iter 9 state 14000/20449 (68%)
[P2] iter 9 state 16000/20449 (78%)
[P2] iter 9 state 18000/20449 (88%)
[P2] iter 9 state 20000/20449 (98%)
[P2] iter 9 state 20448/20449 (100%)
[P2] iter 9 done: span=0.844265 pi~3.8949 
[P2] iter 10 state 2000/20449 (10%)
[P2] iter 10 state 4000/20449 (20%)
[P2] iter 10 state 6000/20449 (29%)
[P2] iter 10 state 8000/20449 (39%)
[P2] iter 10 state 10000/20449 (49%)
[P2] iter 10 state 12000/20449 (59%)
[P2] iter 10 state 14000/20449 (68%)
[P2] iter 10 state 16000/20449 (78%)
[P2] iter 10 state 18000/20449 (88%)
[P2] iter 10 state 20000/20449 (98%)
[P2] iter 10 state 20448/20449 (100%)
[P2] iter 10 done: span=0.844625 pi~3.8700 
[P2] iter 11 state 2000/20449 (10%)
[P2] iter 11 state 4000/20449 (20%)
[P2] iter 11 state 6000/20449 (29%)
[P2] iter 11 state 8000/20449 (39%)
[P2] iter 11 state 10000/20449 (49%)
[P2] iter 11 state 12000/20449 (59%)
[P2] iter 11 state 14000/20449 (68%)
[P2] iter 11 state 16000/20449 (78%)
[P2] iter 11 state 18000/20449 (88%)
[P2] iter 11 state 20000/20449 (98%)
[P2] iter 11 state 20448/20449 (100%)
[P2] iter 11 done: span=0.845297 pi~3.8524 
[P2] iter 12 state 2000/20449 (10%)
[P2] iter 12 state 4000/20449 (20%)
[P2] iter 12 state 6000/20449 (29%)
[P2] iter 12 state 8000/20449 (39%)
[P2] iter 12 state 10000/20449 (49%)
[P2] iter 12 state 12000/20449 (59%)
[P2] iter 12 state 14000/20449 (68%)
[P2] iter 12 state 16000/20449 (78%)
[P2] iter 12 state 18000/20449 (88%)
[P2] iter 12 state 20000/20449 (98%)
[P2] iter 12 state 20448/20449 (100%)
[P2] iter 12 done: span=0.842411 pi~3.8408 
[P2] iter 13 state 2000/20449 (10%)
[P2] iter 13 state 4000/20449 (20%)
[P2] iter 13 state 6000/20449 (29%)
[P2] iter 13 state 8000/20449 (39%)
[P2] iter 13 state 10000/20449 (49%)
[P2] iter 13 state 12000/20449 (59%)
[P2] iter 13 state 14000/20449 (68%)
[P2] iter 13 state 16000/20449 (78%)
[P2] iter 13 state 18000/20449 (88%)
[P2] iter 13 state 20000/20449 (98%)
[P2] iter 13 state 20448/20449 (100%)
[P2] iter 13 done: span=0.834545 pi~3.8239 
[P2] iter 14 state 2000/20449 (10%)
[P2] iter 14 state 4000/20449 (20%)
[P2] iter 14 state 6000/20449 (29%)
[P2] iter 14 state 8000/20449 (39%)
[P2] iter 14 state 10000/20449 (49%)
[P2] iter 14 state 12000/20449 (59%)
[P2] iter 14 state 14000/20449 (68%)
[P2] iter 14 state 16000/20449 (78%)
[P2] iter 14 state 18000/20449 (88%)
[P2] iter 14 state 20000/20449 (98%)
[P2] iter 14 state 20448/20449 (100%)
[P2] iter 14 done: span=0.814196 pi~3.8132 
[P2] iter 15 state 2000/20449 (10%)
[P2] iter 15 state 4000/20449 (20%)
[P2] iter 15 state 6000/20449 (29%)
[P2] iter 15 state 8000/20449 (39%)
[P2] iter 15 state 10000/20449 (49%)
[P2] iter 15 state 12000/20449 (59%)
[P2] iter 15 state 14000/20449 (68%)
[P2] iter 15 state 16000/20449 (78%)
[P2] iter 15 state 18000/20449 (88%)
[P2] iter 15 state 20000/20449 (98%)
[P2] iter 15 state 20448/20449 (100%)
[P2] iter 15 done: span=0.819441 pi~3.8013 
[P2] iter 16 state 2000/20449 (10%)
[P2] iter 16 state 4000/20449 (20%)
[P2] iter 16 state 6000/20449 (29%)
[P2] iter 16 state 8000/20449 (39%)
[P2] iter 16 state 10000/20449 (49%)
[P2] iter 16 state 12000/20449 (59%)
[P2] iter 16 state 14000/20449 (68%)
[P2] iter 16 state 16000/20449 (78%)
[P2] iter 16 state 18000/20449 (88%)
[P2] iter 16 state 20000/20449 (98%)
[P2] iter 16 state 20448/20449 (100%)
[P2] iter 16 done: span=0.819538 pi~3.7882 
[P2] iter 17 state 2000/20449 (10%)
[P2] iter 17 state 4000/20449 (20%)
[P2] iter 17 state 6000/20449 (29%)
[P2] iter 17 state 8000/20449 (39%)
[P2] iter 17 state 10000/20449 (49%)
[P2] iter 17 state 12000/20449 (59%)
[P2] iter 17 state 14000/20449 (68%)
[P2] iter 17 state 16000/20449 (78%)
[P2] iter 17 state 18000/20449 (88%)
[P2] iter 17 state 20000/20449 (98%)
[P2] iter 17 state 20448/20449 (100%)
[P2] iter 17 done: span=0.827496 pi~3.7796 
[P2] iter 18 state 2000/20449 (10%)
[P2] iter 18 state 4000/20449 (20%)
[P2] iter 18 state 6000/20449 (29%)
[P2] iter 18 state 8000/20449 (39%)
[P2] iter 18 state 10000/20449 (49%)
[P2] iter 18 state 12000/20449 (59%)
[P2] iter 18 state 14000/20449 (68%)
[P2] iter 18 state 16000/20449 (78%)
[P2] iter 18 state 18000/20449 (88%)
[P2] iter 18 state 20000/20449 (98%)
[P2] iter 18 state 20448/20449 (100%)
[P2] iter 18 done: span=0.822709 pi~3.7688 
[P2] iter 19 state 2000/20449 (10%)
[P2] iter 19 state 4000/20449 (20%)
[P2] iter 19 state 6000/20449 (29%)
[P2] iter 19 state 8000/20449 (39%)
[P2] iter 19 state 10000/20449 (49%)
[P2] iter 19 state 12000/20449 (59%)
[P2] iter 19 state 14000/20449 (68%)
[P2] iter 19 state 16000/20449 (78%)
[P2] iter 19 state 18000/20449 (88%)
[P2] iter 19 state 20000/20449 (98%)
[P2] iter 19 state 20448/20449 (100%)
[P2] iter 19 done: span=0.821886 pi~3.7608 
[P2] iter 20 state 2000/20449 (10%)
[P2] iter 20 state 4000/20449 (20%)
[P2] iter 20 state 6000/20449 (29%)
[P2] iter 20 state 8000/20449 (39%)
[P2] iter 20 state 10000/20449 (49%)
[P2] iter 20 state 12000/20449 (59%)
[P2] iter 20 state 14000/20449 (68%)
[P2] iter 20 state 16000/20449 (78%)
[P2] iter 20 state 18000/20449 (88%)
[P2] iter 20 state 20000/20449 (98%)
[P2] iter 20 state 20448/20449 (100%)
[P2] iter 20 done: span=0.818277 pi~3.7515 
[P2] iter 21 state 2000/20449 (10%)
[P2] iter 21 state 4000/20449 (20%)
[P2] iter 21 state 6000/20449 (29%)
[P2] iter 21 state 8000/20449 (39%)
[P2] iter 21 state 10000/20449 (49%)
[P2] iter 21 state 12000/20449 (59%)
[P2] iter 21 state 14000/20449 (68%)
[P2] iter 21 state 16000/20449 (78%)
[P2] iter 21 state 18000/20449 (88%)
[P2] iter 21 state 20000/20449 (98%)
[P2] iter 21 state 20448/20449 (100%)
[P2] iter 21 done: span=0.816927 pi~3.7410 
[P2] iter 22 state 2000/20449 (10%)
[P2] iter 22 state 4000/20449 (20%)
[P2] iter 22 state 6000/20449 (29%)
[P2] iter 22 state 8000/20449 (39%)
[P2] iter 22 state 10000/20449 (49%)
[P2] iter 22 state 12000/20449 (59%)
[P2] iter 22 state 14000/20449 (68%)
[P2] iter 22 state 16000/20449 (78%)
[P2] iter 22 state 18000/20449 (88%)
[P2] iter 22 state 20000/20449 (98%)
[P2] iter 22 state 20448/20449 (100%)
[P2] iter 22 done: span=0.813990 pi~3.7346 
[P2] iter 23 state 2000/20449 (10%)
[P2] iter 23 state 4000/20449 (20%)
[P2] iter 23 state 6000/20449 (29%)
[P2] iter 23 state 8000/20449 (39%)
[P2] iter 23 state 10000/20449 (49%)
[P2] iter 23 state 12000/20449 (59%)
[P2] iter 23 state 14000/20449 (68%)
[P2] iter 23 state 16000/20449 (78%)
[P2] iter 23 state 18000/20449 (88%)
[P2] iter 23 state 20000/20449 (98%)
[P2] iter 23 state 20448/20449 (100%)
[P2] iter 23 done: span=0.799919 pi~3.7321 
[P2] iter 24 state 2000/20449 (10%)
[P2] iter 24 state 4000/20449 (20%)
[P2] iter 24 state 6000/20449 (29%)
[P2] iter 24 state 8000/20449 (39%)
[P2] iter 24 state 10000/20449 (49%)
[P2] iter 24 state 12000/20449 (59%)
[P2] iter 24 state 14000/20449 (68%)
[P2] iter 24 state 16000/20449 (78%)
[P2] iter 24 state 18000/20449 (88%)
[P2] iter 24 state 20000/20449 (98%)
[P2] iter 24 state 20448/20449 (100%)
[P2] iter 24 done: span=0.797745 pi~3.7247 
[P2] iter 25 state 2000/20449 (10%)
[P2] iter 25 state 4000/20449 (20%)
[P2] iter 25 state 6000/20449 (29%)
[P2] iter 25 state 8000/20449 (39%)
[P2] iter 25 state 10000/20449 (49%)
[P2] iter 25 state 12000/20449 (59%)
[P2] iter 25 state 14000/20449 (68%)
[P2] iter 25 state 16000/20449 (78%)
[P2] iter 25 state 18000/20449 (88%)
[P2] iter 25 state 20000/20449 (98%)
[P2] iter 25 state 20448/20449 (100%)
[P2] iter 25 done: span=0.795791 pi~3.7166 
[P2] iter 26 state 2000/20449 (10%)
[P2] iter 26 state 4000/20449 (20%)
[P2] iter 26 state 6000/20449 (29%)
[P2] iter 26 state 8000/20449 (39%)
[P2] iter 26 state 10000/20449 (49%)
[P2] iter 26 state 12000/20449 (59%)
[P2] iter 26 state 14000/20449 (68%)
[P2] iter 26 state 16000/20449 (78%)
[P2] iter 26 state 18000/20449 (88%)
[P2] iter 26 state 20000/20449 (98%)
[P2] iter 26 state 20448/20449 (100%)
[P2] iter 26 done: span=0.795110 pi~3.7088 
[P2] iter 27 state 2000/20449 (10%)
[P2] iter 27 state 4000/20449 (20%)
[P2] iter 27 state 6000/20449 (29%)
[P2] iter 27 state 8000/20449 (39%)
[P2] iter 27 state 10000/20449 (49%)
[P2] iter 27 state 12000/20449 (59%)
[P2] iter 27 state 14000/20449 (68%)
[P2] iter 27 state 16000/20449 (78%)
[P2] iter 27 state 18000/20449 (88%)
[P2] iter 27 state 20000/20449 (98%)
[P2] iter 27 state 20448/20449 (100%)
[P2] iter 27 done: span=0.794959 pi~3.7017 
[P2] iter 28 state 2000/20449 (10%)
[P2] iter 28 state 4000/20449 (20%)
[P2] iter 28 state 6000/20449 (29%)
[P2] iter 28 state 8000/20449 (39%)
[P2] iter 28 state 10000/20449 (49%)
[P2] iter 28 state 12000/20449 (59%)
[P2] iter 28 state 14000/20449 (68%)
[P2] iter 28 state 16000/20449 (78%)
[P2] iter 28 state 18000/20449 (88%)
[P2] iter 28 state 20000/20449 (98%)
[P2] iter 28 state 20448/20449 (100%)
[P2] iter 28 done: span=0.788804 pi~3.6998 
[P2] iter 29 state 2000/20449 (10%)
[P2] iter 29 state 4000/20449 (20%)
[P2] iter 29 state 6000/20449 (29%)
[P2] iter 29 state 8000/20449 (39%)
[P2] iter 29 state 10000/20449 (49%)
[P2] iter 29 state 12000/20449 (59%)
[P2] iter 29 state 14000/20449 (68%)
[P2] iter 29 state 16000/20449 (78%)
[P2] iter 29 state 18000/20449 (88%)
[P2] iter 29 state 20000/20449 (98%)
[P2] iter 29 state 20448/20449 (100%)
[P2] iter 29 done: span=0.785278 pi~3.6942 
[P2] iter 30 state 2000/20449 (10%)
[P2] iter 30 state 4000/20449 (20%)
[P2] iter 30 state 6000/20449 (29%)
[P2] iter 30 state 8000/20449 (39%)
[P2] iter 30 state 10000/20449 (49%)
[P2] iter 30 state 12000/20449 (59%)
[P2] iter 30 state 14000/20449 (68%)
[P2] iter 30 state 16000/20449 (78%)
[P2] iter 30 state 18000/20449 (88%)
[P2] iter 30 state 20000/20449 (98%)
[P2] iter 30 state 20448/20449 (100%)
[P2] iter 30 done: span=0.767410 pi~3.6960 
[P2] iter 31 state 2000/20449 (10%)
[P2] iter 31 state 4000/20449 (20%)
[P2] iter 31 state 6000/20449 (29%)
[P2] iter 31 state 8000/20449 (39%)
[P2] iter 31 state 10000/20449 (49%)
[P2] iter 31 state 12000/20449 (59%)
[P2] iter 31 state 14000/20449 (68%)
[P2] iter 31 state 16000/20449 (78%)
[P2] iter 31 state 18000/20449 (88%)
[P2] iter 31 state 20000/20449 (98%)
[P2] iter 31 state 20448/20449 (100%)
[P2] iter 31 done: span=0.762838 pi~3.6959 
[P2] iter 32 state 2000/20449 (10%)
[P2] iter 32 state 4000/20449 (20%)
[P2] iter 32 state 6000/20449 (29%)
[P2] iter 32 state 8000/20449 (39%)
[P2] iter 32 state 10000/20449 (49%)
[P2] iter 32 state 12000/20449 (59%)
[P2] iter 32 state 14000/20449 (68%)
[P2] iter 32 state 16000/20449 (78%)
[P2] iter 32 state 18000/20449 (88%)
[P2] iter 32 state 20000/20449 (98%)
[P2] iter 32 state 20448/20449 (100%)
[P2] iter 32 done: span=0.761066 pi~3.6901 
[P2] iter 33 state 2000/20449 (10%)
[P2] iter 33 state 4000/20449 (20%)
[P2] iter 33 state 6000/20449 (29%)
[P2] iter 33 state 8000/20449 (39%)
[P2] iter 33 state 10000/20449 (49%)
[P2] iter 33 state 12000/20449 (59%)
[P2] iter 33 state 14000/20449 (68%)
[P2] iter 33 state 16000/20449 (78%)
[P2] iter 33 state 18000/20449 (88%)
[P2] iter 33 state 20000/20449 (98%)
[P2] iter 33 state 20448/20449 (100%)
[P2] iter 33 done: span=0.759569 pi~3.6838 
[P2] iter 34 state 2000/20449 (10%)
[P2] iter 34 state 4000/20449 (20%)
[P2] iter 34 state 6000/20449 (29%)
[P2] iter 34 state 8000/20449 (39%)
[P2] iter 34 state 10000/20449 (49%)
[P2] iter 34 state 12000/20449 (59%)
[P2] iter 34 state 14000/20449 (68%)
[P2] iter 34 state 16000/20449 (78%)
[P2] iter 34 state 18000/20449 (88%)
[P2] iter 34 state 20000/20449 (98%)
[P2] iter 34 state 20448/20449 (100%)
[P2] iter 34 done: span=0.759537 pi~3.6804 
[P2] iter 35 state 2000/20449 (10%)
[P2] iter 35 state 4000/20449 (20%)
[P2] iter 35 state 6000/20449 (29%)
[P2] iter 35 state 8000/20449 (39%)
[P2] iter 35 state 10000/20449 (49%)
[P2] iter 35 state 12000/20449 (59%)
[P2] iter 35 state 14000/20449 (68%)
[P2] iter 35 state 16000/20449 (78%)
[P2] iter 35 state 18000/20449 (88%)
[P2] iter 35 state 20000/20449 (98%)
[P2] iter 35 state 20448/20449 (100%)
[P2] iter 35 done: span=0.758605 pi~3.6750 
[P2] iter 36 state 2000/20449 (10%)
[P2] iter 36 state 4000/20449 (20%)
[P2] iter 36 state 6000/20449 (29%)
[P2] iter 36 state 8000/20449 (39%)
[P2] iter 36 state 10000/20449 (49%)
[P2] iter 36 state 12000/20449 (59%)
[P2] iter 36 state 14000/20449 (68%)
[P2] iter 36 state 16000/20449 (78%)
[P2] iter 36 state 18000/20449 (88%)
[P2] iter 36 state 20000/20449 (98%)
[P2] iter 36 state 20448/20449 (100%)
[P2] iter 36 done: span=0.756451 pi~3.6695 
[P2] iter 37 state 2000/20449 (10%)
[P2] iter 37 state 4000/20449 (20%)
[P2] iter 37 state 6000/20449 (29%)
[P2] iter 37 state 8000/20449 (39%)
[P2] iter 37 state 10000/20449 (49%)
[P2] iter 37 state 12000/20449 (59%)
[P2] iter 37 state 14000/20449 (68%)
[P2] iter 37 state 16000/20449 (78%)
[P2] iter 37 state 18000/20449 (88%)
[P2] iter 37 state 20000/20449 (98%)
[P2] iter 37 state 20448/20449 (100%)
[P2] iter 37 done: span=0.754492 pi~3.6650 
[P2] iter 38 state 2000/20449 (10%)
[P2] iter 38 state 4000/20449 (20%)
[P2] iter 38 state 6000/20449 (29%)
[P2] iter 38 state 8000/20449 (39%)
[P2] iter 38 state 10000/20449 (49%)
[P2] iter 38 state 12000/20449 (59%)
[P2] iter 38 state 14000/20449 (68%)
[P2] iter 38 state 16000/20449 (78%)
[P2] iter 38 state 18000/20449 (88%)
[P2] iter 38 state 20000/20449 (98%)
[P2] iter 38 state 20448/20449 (100%)
[P2] iter 38 done: span=0.754059 pi~3.6601 
[P2] iter 39 state 2000/20449 (10%)
[P2] iter 39 state 4000/20449 (20%)
[P2] iter 39 state 6000/20449 (29%)
[P2] iter 39 state 8000/20449 (39%)
[P2] iter 39 state 10000/20449 (49%)
[P2] iter 39 state 12000/20449 (59%)
[P2] iter 39 state 14000/20449 (68%)
[P2] iter 39 state 16000/20449 (78%)
[P2] iter 39 state 18000/20449 (88%)
[P2] iter 39 state 20000/20449 (98%)
[P2] iter 39 state 20448/20449 (100%)
[P2] iter 39 done: span=0.753514 pi~3.6550 
[P2] iter 40 state 2000/20449 (10%)
[P2] iter 40 state 4000/20449 (20%)
[P2] iter 40 state 6000/20449 (29%)
[P2] iter 40 state 8000/20449 (39%)
[P2] iter 40 state 10000/20449 (49%)
[P2] iter 40 state 12000/20449 (59%)
[P2] iter 40 state 14000/20449 (68%)
[P2] iter 40 state 16000/20449 (78%)
[P2] iter 40 state 18000/20449 (88%)
[P2] iter 40 state 20000/20449 (98%)
[P2] iter 40 state 20448/20449 (100%)
[P2] iter 40 done: span=0.753482 pi~3.6504 
[P2] iter 41 state 2000/20449 (10%)
[P2] iter 41 state 4000/20449 (20%)
[P2] iter 41 state 6000/20449 (29%)
[P2] iter 41 state 8000/20449 (39%)
[P2] iter 41 state 10000/20449 (49%)
[P2] iter 41 state 12000/20449 (59%)
[P2] iter 41 state 14000/20449 (68%)
[P2] iter 41 state 16000/20449 (78%)
[P2] iter 41 state 18000/20449 (88%)
[P2] iter 41 state 20000/20449 (98%)
[P2] iter 41 state 20448/20449 (100%)
[P2] iter 41 done: span=0.752332 pi~3.6454 
[P2] iter 42 state 2000/20449 (10%)
[P2] iter 42 state 4000/20449 (20%)
[P2] iter 42 state 6000/20449 (29%)
[P2] iter 42 state 8000/20449 (39%)
[P2] iter 42 state 10000/20449 (49%)
[P2] iter 42 state 12000/20449 (59%)
[P2] iter 42 state 14000/20449 (68%)
[P2] iter 42 state 16000/20449 (78%)
[P2] iter 42 state 18000/20449 (88%)
[P2] iter 42 state 20000/20449 (98%)
[P2] iter 42 state 20448/20449 (100%)
[P2] iter 42 done: span=0.750694 pi~3.6405 
[P2] iter 43 state 2000/20449 (10%)
[P2] iter 43 state 4000/20449 (20%)
[P2] iter 43 state 6000/20449 (29%)
[P2] iter 43 state 8000/20449 (39%)
[P2] iter 43 state 10000/20449 (49%)
[P2] iter 43 state 12000/20449 (59%)
[P2] iter 43 state 14000/20449 (68%)
[P2] iter 43 state 16000/20449 (78%)
[P2] iter 43 state 18000/20449 (88%)
[P2] iter 43 state 20000/20449 (98%)
[P2] iter 43 state 20448/20449 (100%)
[P2] iter 43 done: span=0.749881 pi~3.6357 
[P2] iter 44 state 2000/20449 (10%)
[P2] iter 44 state 4000/20449 (20%)
[P2] iter 44 state 6000/20449 (29%)
[P2] iter 44 state 8000/20449 (39%)
[P2] iter 44 state 10000/20449 (49%)
[P2] iter 44 state 12000/20449 (59%)
[P2] iter 44 state 14000/20449 (68%)
[P2] iter 44 state 16000/20449 (78%)
[P2] iter 44 state 18000/20449 (88%)
[P2] iter 44 state 20000/20449 (98%)
[P2] iter 44 state 20448/20449 (100%)
[P2] iter 44 done: span=0.749320 pi~3.6311 
[P2] iter 45 state 2000/20449 (10%)
[P2] iter 45 state 4000/20449 (20%)
[P2] iter 45 state 6000/20449 (29%)
[P2] iter 45 state 8000/20449 (39%)
[P2] iter 45 state 10000/20449 (49%)
[P2] iter 45 state 12000/20449 (59%)
[P2] iter 45 state 14000/20449 (68%)
[P2] iter 45 state 16000/20449 (78%)
[P2] iter 45 state 18000/20449 (88%)
[P2] iter 45 state 20000/20449 (98%)
[P2] iter 45 state 20448/20449 (100%)
[P2] iter 45 done: span=0.748822 pi~3.6263 
[P2] iter 46 state 2000/20449 (10%)
[P2] iter 46 state 4000/20449 (20%)
[P2] iter 46 state 6000/20449 (29%)
[P2] iter 46 state 8000/20449 (39%)
[P2] iter 46 state 10000/20449 (49%)
[P2] iter 46 state 12000/20449 (59%)
[P2] iter 46 state 14000/20449 (68%)
[P2] iter 46 state 16000/20449 (78%)
[P2] iter 46 state 18000/20449 (88%)
[P2] iter 46 state 20000/20449 (98%)
[P2] iter 46 state 20448/20449 (100%)
[P2] iter 46 done: span=0.749253 pi~3.6225 
[P2] iter 47 state 2000/20449 (10%)
[P2] iter 47 state 4000/20449 (20%)
[P2] iter 47 state 6000/20449 (29%)
[P2] iter 47 state 8000/20449 (39%)
[P2] iter 47 state 10000/20449 (49%)
[P2] iter 47 state 12000/20449 (59%)
[P2] iter 47 state 14000/20449 (68%)
[P2] iter 47 state 16000/20449 (78%)
[P2] iter 47 state 18000/20449 (88%)
[P2] iter 47 state 20000/20449 (98%)
[P2] iter 47 state 20448/20449 (100%)
[P2] iter 47 done: span=0.749206 pi~3.6189 
[P2] iter 48 state 2000/20449 (10%)
[P2] iter 48 state 4000/20449 (20%)
[P2] iter 48 state 6000/20449 (29%)
[P2] iter 48 state 8000/20449 (39%)
[P2] iter 48 state 10000/20449 (49%)
[P2] iter 48 state 12000/20449 (59%)
[P2] iter 48 state 14000/20449 (68%)
[P2] iter 48 state 16000/20449 (78%)
[P2] iter 48 state 18000/20449 (88%)
[P2] iter 48 state 20000/20449 (98%)
[P2] iter 48 state 20448/20449 (100%)
[P2] iter 48 done: span=0.748955 pi~3.6154 
[P2] iter 49 state 2000/20449 (10%)
[P2] iter 49 state 4000/20449 (20%)
[P2] iter 49 state 6000/20449 (29%)
[P2] iter 49 state 8000/20449 (39%)
[P2] iter 49 state 10000/20449 (49%)
[P2] iter 49 state 12000/20449 (59%)
[P2] iter 49 state 14000/20449 (68%)
[P2] iter 49 state 16000/20449 (78%)
[P2] iter 49 state 18000/20449 (88%)
[P2] iter 49 state 20000/20449 (98%)
[P2] iter 49 state 20448/20449 (100%)
[P2] iter 49 done: span=0.750156 pi~3.6128 
[P2] iter 50 state 2000/20449 (10%)
[P2] iter 50 state 4000/20449 (20%)
[P2] iter 50 state 6000/20449 (29%)
[P2] iter 50 state 8000/20449 (39%)
[P2] iter 50 state 10000/20449 (49%)
[P2] iter 50 state 12000/20449 (59%)
[P2] iter 50 state 14000/20449 (68%)
[P2] iter 50 state 16000/20449 (78%)
[P2] iter 50 state 18000/20449 (88%)
[P2] iter 50 state 20000/20449 (98%)
[P2] iter 50 state 20448/20449 (100%)
[P2] iter 50 done: span=0.749624 pi~3.6094 
[P2] iter 51 state 2000/20449 (10%)
[P2] iter 51 state 4000/20449 (20%)
[P2] iter 51 state 6000/20449 (29%)
[P2] iter 51 state 8000/20449 (39%)
[P2] iter 51 state 10000/20449 (49%)
[P2] iter 51 state 12000/20449 (59%)
[P2] iter 51 state 14000/20449 (68%)
[P2] iter 51 state 16000/20449 (78%)
[P2] iter 51 state 18000/20449 (88%)
[P2] iter 51 state 20000/20449 (98%)
[P2] iter 51 state 20448/20449 (100%)
[P2] iter 51 done: span=0.749126 pi~3.6062 
[P2] iter 52 state 2000/20449 (10%)
[P2] iter 52 state 4000/20449 (20%)
[P2] iter 52 state 6000/20449 (29%)
[P2] iter 52 state 8000/20449 (39%)
[P2] iter 52 state 10000/20449 (49%)
[P2] iter 52 state 12000/20449 (59%)
[P2] iter 52 state 14000/20449 (68%)
[P2] iter 52 state 16000/20449 (78%)
[P2] iter 52 state 18000/20449 (88%)
[P2] iter 52 state 20000/20449 (98%)
[P2] iter 52 state 20448/20449 (100%)
[P2] iter 52 done: span=0.748825 pi~3.6037 
[P2] iter 53 state 2000/20449 (10%)
[P2] iter 53 state 4000/20449 (20%)
[P2] iter 53 state 6000/20449 (29%)
[P2] iter 53 state 8000/20449 (39%)
[P2] iter 53 state 10000/20449 (49%)
[P2] iter 53 state 12000/20449 (59%)
[P2] iter 53 state 14000/20449 (68%)
[P2] iter 53 state 16000/20449 (78%)
[P2] iter 53 state 18000/20449 (88%)
[P2] iter 53 state 20000/20449 (98%)
[P2] iter 53 state 20448/20449 (100%)
[P2] iter 53 done: span=0.747948 pi~3.6008 
[P2] iter 54 state 2000/20449 (10%)
[P2] iter 54 state 4000/20449 (20%)
[P2] iter 54 state 6000/20449 (29%)
[P2] iter 54 state 8000/20449 (39%)
[P2] iter 54 state 10000/20449 (49%)
[P2] iter 54 state 12000/20449 (59%)
[P2] iter 54 state 14000/20449 (68%)
[P2] iter 54 state 16000/20449 (78%)
[P2] iter 54 state 18000/20449 (88%)
[P2] iter 54 state 20000/20449 (98%)
[P2] iter 54 state 20448/20449 (100%)
[P2] iter 54 done: span=0.747541 pi~3.5980 
[P2] iter 55 state 2000/20449 (10%)
[P2] iter 55 state 4000/20449 (20%)
[P2] iter 55 state 6000/20449 (29%)
[P2] iter 55 state 8000/20449 (39%)
[P2] iter 55 state 10000/20449 (49%)
[P2] iter 55 state 12000/20449 (59%)
[P2] iter 55 state 14000/20449 (68%)
[P2] iter 55 state 16000/20449 (78%)
[P2] iter 55 state 18000/20449 (88%)
[P2] iter 55 state 20000/20449 (98%)
[P2] iter 55 state 20448/20449 (100%)
[P2] iter 55 done: span=0.743922 pi~3.5965 
[P2] iter 56 state 2000/20449 (10%)
[P2] iter 56 state 4000/20449 (20%)
[P2] iter 56 state 6000/20449 (29%)
[P2] iter 56 state 8000/20449 (39%)
[P2] iter 56 state 10000/20449 (49%)
[P2] iter 56 state 12000/20449 (59%)
[P2] iter 56 state 14000/20449 (68%)
[P2] iter 56 state 16000/20449 (78%)
[P2] iter 56 state 18000/20449 (88%)
[P2] iter 56 state 20000/20449 (98%)
[P2] iter 56 state 20448/20449 (100%)
[P2] iter 56 done: span=0.736626 pi~3.5973 
[P2] iter 57 state 2000/20449 (10%)
[P2] iter 57 state 4000/20449 (20%)
[P2] iter 57 state 6000/20449 (29%)
[P2] iter 57 state 8000/20449 (39%)
[P2] iter 57 state 10000/20449 (49%)
[P2] iter 57 state 12000/20449 (59%)
[P2] iter 57 state 14000/20449 (68%)
[P2] iter 57 state 16000/20449 (78%)
[P2] iter 57 state 18000/20449 (88%)
[P2] iter 57 state 20000/20449 (98%)
[P2] iter 57 state 20448/20449 (100%)
[P2] iter 57 done: span=0.729279 pi~3.5977 
[P2] iter 58 state 2000/20449 (10%)
[P2] iter 58 state 4000/20449 (20%)
[P2] iter 58 state 6000/20449 (29%)
[P2] iter 58 state 8000/20449 (39%)
[P2] iter 58 state 10000/20449 (49%)
[P2] iter 58 state 12000/20449 (59%)
[P2] iter 58 state 14000/20449 (68%)
[P2] iter 58 state 16000/20449 (78%)
[P2] iter 58 state 18000/20449 (88%)
[P2] iter 58 state 20000/20449 (98%)
[P2] iter 58 state 20448/20449 (100%)
[P2] iter 58 done: span=0.728411 pi~3.5949 
[P2] iter 59 state 2000/20449 (10%)
[P2] iter 59 state 4000/20449 (20%)
[P2] iter 59 state 6000/20449 (29%)
[P2] iter 59 state 8000/20449 (39%)
[P2] iter 59 state 10000/20449 (49%)
[P2] iter 59 state 12000/20449 (59%)
[P2] iter 59 state 14000/20449 (68%)
[P2] iter 59 state 16000/20449 (78%)
[P2] iter 59 state 18000/20449 (88%)
[P2] iter 59 state 20000/20449 (98%)
[P2] iter 59 state 20448/20449 (100%)
[P2] iter 59 done: span=0.727264 pi~3.5922 
[P2] iter 60 state 2000/20449 (10%)
[P2] iter 60 state 4000/20449 (20%)
[P2] iter 60 state 6000/20449 (29%)
[P2] iter 60 state 8000/20449 (39%)
[P2] iter 60 state 10000/20449 (49%)
[P2] iter 60 state 12000/20449 (59%)
[P2] iter 60 state 14000/20449 (68%)
[P2] iter 60 state 16000/20449 (78%)
[P2] iter 60 state 18000/20449 (88%)
[P2] iter 60 state 20000/20449 (98%)
[P2] iter 60 state 20448/20449 (100%)
[P2] iter 60 done: span=0.726644 pi~3.5893 
[P2] iter 61 state 2000/20449 (10%)
[P2] iter 61 state 4000/20449 (20%)
[P2] iter 61 state 6000/20449 (29%)
[P2] iter 61 state 8000/20449 (39%)
[P2] iter 61 state 10000/20449 (49%)
[P2] iter 61 state 12000/20449 (59%)
[P2] iter 61 state 14000/20449 (68%)
[P2] iter 61 state 16000/20449 (78%)
[P2] iter 61 state 18000/20449 (88%)
[P2] iter 61 state 20000/20449 (98%)
[P2] iter 61 state 20448/20449 (100%)
[P2] iter 61 done: span=0.726034 pi~3.5864 
[P2] iter 62 state 2000/20449 (10%)
[P2] iter 62 state 4000/20449 (20%)
[P2] iter 62 state 6000/20449 (29%)
[P2] iter 62 state 8000/20449 (39%)
[P2] iter 62 state 10000/20449 (49%)
[P2] iter 62 state 12000/20449 (59%)
[P2] iter 62 state 14000/20449 (68%)
[P2] iter 62 state 16000/20449 (78%)
[P2] iter 62 state 18000/20449 (88%)
[P2] iter 62 state 20000/20449 (98%)
[P2] iter 62 state 20448/20449 (100%)
[P2] iter 62 done: span=0.725447 pi~3.5835 
[P2] iter 63 state 2000/20449 (10%)
[P2] iter 63 state 4000/20449 (20%)
[P2] iter 63 state 6000/20449 (29%)
[P2] iter 63 state 8000/20449 (39%)
[P2] iter 63 state 10000/20449 (49%)
[P2] iter 63 state 12000/20449 (59%)
[P2] iter 63 state 14000/20449 (68%)
[P2] iter 63 state 16000/20449 (78%)
[P2] iter 63 state 18000/20449 (88%)
[P2] iter 63 state 20000/20449 (98%)
[P2] iter 63 state 20448/20449 (100%)
[P2] iter 63 done: span=0.724850 pi~3.5806 
[P2] iter 64 state 2000/20449 (10%)
[P2] iter 64 state 4000/20449 (20%)
[P2] iter 64 state 6000/20449 (29%)
[P2] iter 64 state 8000/20449 (39%)
[P2] iter 64 state 10000/20449 (49%)
[P2] iter 64 state 12000/20449 (59%)
[P2] iter 64 state 14000/20449 (68%)
[P2] iter 64 state 16000/20449 (78%)
[P2] iter 64 state 18000/20449 (88%)
[P2] iter 64 state 20000/20449 (98%)
[P2] iter 64 state 20448/20449 (100%)
[P2] iter 64 done: span=0.725839 pi~3.5785 
[P2] iter 65 state 2000/20449 (10%)
[P2] iter 65 state 4000/20449 (20%)
[P2] iter 65 state 6000/20449 (29%)
[P2] iter 65 state 8000/20449 (39%)
[P2] iter 65 state 10000/20449 (49%)
[P2] iter 65 state 12000/20449 (59%)
[P2] iter 65 state 14000/20449 (68%)
[P2] iter 65 state 16000/20449 (78%)
[P2] iter 65 state 18000/20449 (88%)
[P2] iter 65 state 20000/20449 (98%)
[P2] iter 65 state 20448/20449 (100%)
[P2] iter 65 done: span=0.725926 pi~3.5760 
[P2] iter 66 state 2000/20449 (10%)
[P2] iter 66 state 4000/20449 (20%)
[P2] iter 66 state 6000/20449 (29%)
[P2] iter 66 state 8000/20449 (39%)
[P2] iter 66 state 10000/20449 (49%)
[P2] iter 66 state 12000/20449 (59%)
[P2] iter 66 state 14000/20449 (68%)
[P2] iter 66 state 16000/20449 (78%)
[P2] iter 66 state 18000/20449 (88%)
[P2] iter 66 state 20000/20449 (98%)
[P2] iter 66 state 20448/20449 (100%)
[P2] iter 66 done: span=0.725335 pi~3.5731 
[P2] iter 67 state 2000/20449 (10%)
[P2] iter 67 state 4000/20449 (20%)
[P2] iter 67 state 6000/20449 (29%)
[P2] iter 67 state 8000/20449 (39%)
[P2] iter 67 state 10000/20449 (49%)
[P2] iter 67 state 12000/20449 (59%)
[P2] iter 67 state 14000/20449 (68%)
[P2] iter 67 state 16000/20449 (78%)
[P2] iter 67 state 18000/20449 (88%)
[P2] iter 67 state 20000/20449 (98%)
[P2] iter 67 state 20448/20449 (100%)
[P2] iter 67 done: span=0.721947 pi~3.5717 
[P2] iter 68 state 2000/20449 (10%)
[P2] iter 68 state 4000/20449 (20%)
[P2] iter 68 state 6000/20449 (29%)
[P2] iter 68 state 8000/20449 (39%)
[P2] iter 68 state 10000/20449 (49%)
[P2] iter 68 state 12000/20449 (59%)
[P2] iter 68 state 14000/20449 (68%)
[P2] iter 68 state 16000/20449 (78%)
[P2] iter 68 state 18000/20449 (88%)
[P2] iter 68 state 20000/20449 (98%)
[P2] iter 68 state 20448/20449 (100%)
[P2] iter 68 done: span=0.720303 pi~3.5695 
[P2] iter 69 state 2000/20449 (10%)
[P2] iter 69 state 4000/20449 (20%)
[P2] iter 69 state 6000/20449 (29%)
[P2] iter 69 state 8000/20449 (39%)
[P2] iter 69 state 10000/20449 (49%)
[P2] iter 69 state 12000/20449 (59%)
[P2] iter 69 state 14000/20449 (68%)
[P2] iter 69 state 16000/20449 (78%)
[P2] iter 69 state 18000/20449 (88%)
[P2] iter 69 state 20000/20449 (98%)
[P2] iter 69 state 20448/20449 (100%)
[P2] iter 69 done: span=0.719521 pi~3.5669 
[P2] iter 70 state 2000/20449 (10%)
[P2] iter 70 state 4000/20449 (20%)
[P2] iter 70 state 6000/20449 (29%)
[P2] iter 70 state 8000/20449 (39%)
[P2] iter 70 state 10000/20449 (49%)
[P2] iter 70 state 12000/20449 (59%)
[P2] iter 70 state 14000/20449 (68%)
[P2] iter 70 state 16000/20449 (78%)
[P2] iter 70 state 18000/20449 (88%)
[P2] iter 70 state 20000/20449 (98%)
[P2] iter 70 state 20448/20449 (100%)
[P2] iter 70 done: span=0.718236 pi~3.5645 
[P2] iter 71 state 2000/20449 (10%)
[P2] iter 71 state 4000/20449 (20%)
[P2] iter 71 state 6000/20449 (29%)
[P2] iter 71 state 8000/20449 (39%)
[P2] iter 71 state 10000/20449 (49%)
[P2] iter 71 state 12000/20449 (59%)
[P2] iter 71 state 14000/20449 (68%)
[P2] iter 71 state 16000/20449 (78%)
[P2] iter 71 state 18000/20449 (88%)
[P2] iter 71 state 20000/20449 (98%)
[P2] iter 71 state 20448/20449 (100%)
[P2] iter 71 done: span=0.717569 pi~3.5619 
[P2] iter 72 state 2000/20449 (10%)
[P2] iter 72 state 4000/20449 (20%)
[P2] iter 72 state 6000/20449 (29%)
[P2] iter 72 state 8000/20449 (39%)
[P2] iter 72 state 10000/20449 (49%)
[P2] iter 72 state 12000/20449 (59%)
[P2] iter 72 state 14000/20449 (68%)
[P2] iter 72 state 16000/20449 (78%)
[P2] iter 72 state 18000/20449 (88%)
[P2] iter 72 state 20000/20449 (98%)
[P2] iter 72 state 20448/20449 (100%)
[P2] iter 72 done: span=0.714123 pi~3.5609 
[P2] iter 73 state 2000/20449 (10%)
[P2] iter 73 state 4000/20449 (20%)
[P2] iter 73 state 6000/20449 (29%)
[P2] iter 73 state 8000/20449 (39%)
[P2] iter 73 state 10000/20449 (49%)
[P2] iter 73 state 12000/20449 (59%)
[P2] iter 73 state 14000/20449 (68%)
[P2] iter 73 state 16000/20449 (78%)
[P2] iter 73 state 18000/20449 (88%)
[P2] iter 73 state 20000/20449 (98%)
[P2] iter 73 state 20448/20449 (100%)
[P2] iter 73 done: span=0.713749 pi~3.5583 
[P2] iter 74 state 2000/20449 (10%)
[P2] iter 74 state 4000/20449 (20%)
[P2] iter 74 state 6000/20449 (29%)
[P2] iter 74 state 8000/20449 (39%)
[P2] iter 74 state 10000/20449 (49%)
[P2] iter 74 state 12000/20449 (59%)
[P2] iter 74 state 14000/20449 (68%)
[P2] iter 74 state 16000/20449 (78%)
[P2] iter 74 state 18000/20449 (88%)
[P2] iter 74 state 20000/20449 (98%)
[P2] iter 74 state 20448/20449 (100%)
[P2] iter 74 done: span=0.713085 pi~3.5559 
[P2] iter 75 state 2000/20449 (10%)
[P2] iter 75 state 4000/20449 (20%)
[P2] iter 75 state 6000/20449 (29%)
[P2] iter 75 state 8000/20449 (39%)
[P2] iter 75 state 10000/20449 (49%)
[P2] iter 75 state 12000/20449 (59%)
[P2] iter 75 state 14000/20449 (68%)
[P2] iter 75 state 16000/20449 (78%)
[P2] iter 75 state 18000/20449 (88%)
[P2] iter 75 state 20000/20449 (98%)
[P2] iter 75 state 20448/20449 (100%)
[P2] iter 75 done: span=0.712384 pi~3.5540 
[P2] iter 76 state 2000/20449 (10%)
[P2] iter 76 state 4000/20449 (20%)
[P2] iter 76 state 6000/20449 (29%)
[P2] iter 76 state 8000/20449 (39%)
[P2] iter 76 state 10000/20449 (49%)
[P2] iter 76 state 12000/20449 (59%)
[P2] iter 76 state 14000/20449 (68%)
[P2] iter 76 state 16000/20449 (78%)
[P2] iter 76 state 18000/20449 (88%)
[P2] iter 76 state 20000/20449 (98%)
[P2] iter 76 state 20448/20449 (100%)
[P2] iter 76 done: span=0.711943 pi~3.5516 
[P2] iter 77 state 2000/20449 (10%)
[P2] iter 77 state 4000/20449 (20%)
[P2] iter 77 state 6000/20449 (29%)
[P2] iter 77 state 8000/20449 (39%)
[P2] iter 77 state 10000/20449 (49%)
[P2] iter 77 state 12000/20449 (59%)
[P2] iter 77 state 14000/20449 (68%)
[P2] iter 77 state 16000/20449 (78%)
[P2] iter 77 state 18000/20449 (88%)
[P2] iter 77 state 20000/20449 (98%)
[P2] iter 77 state 20448/20449 (100%)
[P2] iter 77 done: span=0.712485 pi~3.5497 
[P2] iter 78 state 2000/20449 (10%)
[P2] iter 78 state 4000/20449 (20%)
[P2] iter 78 state 6000/20449 (29%)
[P2] iter 78 state 8000/20449 (39%)
[P2] iter 78 state 10000/20449 (49%)
[P2] iter 78 state 12000/20449 (59%)
[P2] iter 78 state 14000/20449 (68%)
[P2] iter 78 state 16000/20449 (78%)
[P2] iter 78 state 18000/20449 (88%)
[P2] iter 78 state 20000/20449 (98%)
[P2] iter 78 state 20448/20449 (100%)
[P2] iter 78 done: span=0.712662 pi~3.5477 
[P2] iter 79 state 2000/20449 (10%)
[P2] iter 79 state 4000/20449 (20%)
[P2] iter 79 state 6000/20449 (29%)
[P2] iter 79 state 8000/20449 (39%)
[P2] iter 79 state 10000/20449 (49%)
[P2] iter 79 state 12000/20449 (59%)
[P2] iter 79 state 14000/20449 (68%)
[P2] iter 79 state 16000/20449 (78%)
[P2] iter 79 state 18000/20449 (88%)
[P2] iter 79 state 20000/20449 (98%)
[P2] iter 79 state 20448/20449 (100%)
[P2] iter 79 done: span=0.711627 pi~3.5457 
[P2] iter 80 state 2000/20449 (10%)
[P2] iter 80 state 4000/20449 (20%)
[P2] iter 80 state 6000/20449 (29%)
[P2] iter 80 state 8000/20449 (39%)
[P2] iter 80 state 10000/20449 (49%)
[P2] iter 80 state 12000/20449 (59%)
[P2] iter 80 state 14000/20449 (68%)
[P2] iter 80 state 16000/20449 (78%)
[P2] iter 80 state 18000/20449 (88%)
[P2] iter 80 state 20000/20449 (98%)
[P2] iter 80 state 20448/20449 (100%)
[P2] iter 80 done: span=0.710510 pi~3.5437 
[P2] iter 81 state 2000/20449 (10%)
[P2] iter 81 state 4000/20449 (20%)
[P2] iter 81 state 6000/20449 (29%)
[P2] iter 81 state 8000/20449 (39%)
[P2] iter 81 state 10000/20449 (49%)
[P2] iter 81 state 12000/20449 (59%)
[P2] iter 81 state 14000/20449 (68%)
[P2] iter 81 state 16000/20449 (78%)
[P2] iter 81 state 18000/20449 (88%)
[P2] iter 81 state 20000/20449 (98%)
[P2] iter 81 state 20448/20449 (100%)
[P2] iter 81 done: span=0.709988 pi~3.5415 
[P2] iter 82 state 2000/20449 (10%)
[P2] iter 82 state 4000/20449 (20%)
[P2] iter 82 state 6000/20449 (29%)
[P2] iter 82 state 8000/20449 (39%)
[P2] iter 82 state 10000/20449 (49%)
[P2] iter 82 state 12000/20449 (59%)
[P2] iter 82 state 14000/20449 (68%)
[P2] iter 82 state 16000/20449 (78%)
[P2] iter 82 state 18000/20449 (88%)
[P2] iter 82 state 20000/20449 (98%)
[P2] iter 82 state 20448/20449 (100%)
[P2] iter 82 done: span=0.709514 pi~3.5392 
[P2] iter 83 state 2000/20449 (10%)
[P2] iter 83 state 4000/20449 (20%)
[P2] iter 83 state 6000/20449 (29%)
[P2] iter 83 state 8000/20449 (39%)
[P2] iter 83 state 10000/20449 (49%)
[P2] iter 83 state 12000/20449 (59%)
[P2] iter 83 state 14000/20449 (68%)
[P2] iter 83 state 16000/20449 (78%)
[P2] iter 83 state 18000/20449 (88%)
[P2] iter 83 state 20000/20449 (98%)
[P2] iter 83 state 20448/20449 (100%)
[P2] iter 83 done: span=0.709047 pi~3.5369 
[P2] iter 84 state 2000/20449 (10%)
[P2] iter 84 state 4000/20449 (20%)
[P2] iter 84 state 6000/20449 (29%)
[P2] iter 84 state 8000/20449 (39%)
[P2] iter 84 state 10000/20449 (49%)
[P2] iter 84 state 12000/20449 (59%)
[P2] iter 84 state 14000/20449 (68%)
[P2] iter 84 state 16000/20449 (78%)
[P2] iter 84 state 18000/20449 (88%)
[P2] iter 84 state 20000/20449 (98%)
[P2] iter 84 state 20448/20449 (100%)
[P2] iter 84 done: span=0.708583 pi~3.5346 
[P2] iter 85 state 2000/20449 (10%)
[P2] iter 85 state 4000/20449 (20%)
[P2] iter 85 state 6000/20449 (29%)
[P2] iter 85 state 8000/20449 (39%)
[P2] iter 85 state 10000/20449 (49%)
[P2] iter 85 state 12000/20449 (59%)
[P2] iter 85 state 14000/20449 (68%)
[P2] iter 85 state 16000/20449 (78%)
[P2] iter 85 state 18000/20449 (88%)
[P2] iter 85 state 20000/20449 (98%)
[P2] iter 85 state 20448/20449 (100%)
[P2] iter 85 done: span=0.707939 pi~3.5324 
[P2] iter 86 state 2000/20449 (10%)
[P2] iter 86 state 4000/20449 (20%)
[P2] iter 86 state 6000/20449 (29%)
[P2] iter 86 state 8000/20449 (39%)
[P2] iter 86 state 10000/20449 (49%)
[P2] iter 86 state 12000/20449 (59%)
[P2] iter 86 state 14000/20449 (68%)
[P2] iter 86 state 16000/20449 (78%)
[P2] iter 86 state 18000/20449 (88%)
[P2] iter 86 state 20000/20449 (98%)
[P2] iter 86 state 20448/20449 (100%)
[P2] iter 86 done: span=0.707480 pi~3.5301 
[P2] iter 87 state 2000/20449 (10%)
[P2] iter 87 state 4000/20449 (20%)
[P2] iter 87 state 6000/20449 (29%)
[P2] iter 87 state 8000/20449 (39%)
[P2] iter 87 state 10000/20449 (49%)
[P2] iter 87 state 12000/20449 (59%)
[P2] iter 87 state 14000/20449 (68%)
[P2] iter 87 state 16000/20449 (78%)
[P2] iter 87 state 18000/20449 (88%)
[P2] iter 87 state 20000/20449 (98%)
[P2] iter 87 state 20448/20449 (100%)
[P2] iter 87 done: span=0.705002 pi~3.5288 
[P2] iter 88 state 2000/20449 (10%)
[P2] iter 88 state 4000/20449 (20%)
[P2] iter 88 state 6000/20449 (29%)
[P2] iter 88 state 8000/20449 (39%)
[P2] iter 88 state 10000/20449 (49%)
[P2] iter 88 state 12000/20449 (59%)
[P2] iter 88 state 14000/20449 (68%)
[P2] iter 88 state 16000/20449 (78%)
[P2] iter 88 state 18000/20449 (88%)
[P2] iter 88 state 20000/20449 (98%)
[P2] iter 88 state 20448/20449 (100%)
[P2] iter 88 done: span=0.701683 pi~3.5280 
[P2] iter 89 state 2000/20449 (10%)
[P2] iter 89 state 4000/20449 (20%)
[P2] iter 89 state 6000/20449 (29%)
[P2] iter 89 state 8000/20449 (39%)
[P2] iter 89 state 10000/20449 (49%)
[P2] iter 89 state 12000/20449 (59%)
[P2] iter 89 state 14000/20449 (68%)
[P2] iter 89 state 16000/20449 (78%)
[P2] iter 89 state 18000/20449 (88%)
[P2] iter 89 state 20000/20449 (98%)
[P2] iter 89 state 20448/20449 (100%)
[P2] iter 89 done: span=0.699992 pi~3.5263 
[P2] iter 90 state 2000/20449 (10%)
[P2] iter 90 state 4000/20449 (20%)
[P2] iter 90 state 6000/20449 (29%)
[P2] iter 90 state 8000/20449 (39%)
[P2] iter 90 state 10000/20449 (49%)
[P2] iter 90 state 12000/20449 (59%)
[P2] iter 90 state 14000/20449 (68%)
[P2] iter 90 state 16000/20449 (78%)
[P2] iter 90 state 18000/20449 (88%)
[P2] iter 90 state 20000/20449 (98%)
[P2] iter 90 state 20448/20449 (100%)
[P2] iter 90 done: span=0.699732 pi~3.5242 
[P2] iter 91 state 2000/20449 (10%)
[P2] iter 91 state 4000/20449 (20%)
[P2] iter 91 state 6000/20449 (29%)
[P2] iter 91 state 8000/20449 (39%)
[P2] iter 91 state 10000/20449 (49%)
[P2] iter 91 state 12000/20449 (59%)
[P2] iter 91 state 14000/20449 (68%)
[P2] iter 91 state 16000/20449 (78%)
[P2] iter 91 state 18000/20449 (88%)
[P2] iter 91 state 20000/20449 (98%)
[P2] iter 91 state 20448/20449 (100%)
[P2] iter 91 done: span=0.699575 pi~3.5221 
[P2] iter 92 state 2000/20449 (10%)
[P2] iter 92 state 4000/20449 (20%)
[P2] iter 92 state 6000/20449 (29%)
[P2] iter 92 state 8000/20449 (39%)
[P2] iter 92 state 10000/20449 (49%)
[P2] iter 92 state 12000/20449 (59%)
[P2] iter 92 state 14000/20449 (68%)
[P2] iter 92 state 16000/20449 (78%)
[P2] iter 92 state 18000/20449 (88%)
[P2] iter 92 state 20000/20449 (98%)
[P2] iter 92 state 20448/20449 (100%)
[P2] iter 92 done: span=0.699451 pi~3.5200 
[P2] iter 93 state 2000/20449 (10%)
[P2] iter 93 state 4000/20449 (20%)
[P2] iter 93 state 6000/20449 (29%)
[P2] iter 93 state 8000/20449 (39%)
[P2] iter 93 state 10000/20449 (49%)
[P2] iter 93 state 12000/20449 (59%)
[P2] iter 93 state 14000/20449 (68%)
[P2] iter 93 state 16000/20449 (78%)
[P2] iter 93 state 18000/20449 (88%)
[P2] iter 93 state 20000/20449 (98%)
[P2] iter 93 state 20448/20449 (100%)
[P2] iter 93 done: span=0.699354 pi~3.5179 
[P2] iter 94 state 2000/20449 (10%)
[P2] iter 94 state 4000/20449 (20%)
[P2] iter 94 state 6000/20449 (29%)
[P2] iter 94 state 8000/20449 (39%)
[P2] iter 94 state 10000/20449 (49%)
[P2] iter 94 state 12000/20449 (59%)
[P2] iter 94 state 14000/20449 (68%)
[P2] iter 94 state 16000/20449 (78%)
[P2] iter 94 state 18000/20449 (88%)
[P2] iter 94 state 20000/20449 (98%)
[P2] iter 94 state 20448/20449 (100%)
[P2] iter 94 done: span=0.699137 pi~3.5157 
[P2] iter 95 state 2000/20449 (10%)
[P2] iter 95 state 4000/20449 (20%)
[P2] iter 95 state 6000/20449 (29%)
[P2] iter 95 state 8000/20449 (39%)
[P2] iter 95 state 10000/20449 (49%)
[P2] iter 95 state 12000/20449 (59%)
[P2] iter 95 state 14000/20449 (68%)
[P2] iter 95 state 16000/20449 (78%)
[P2] iter 95 state 18000/20449 (88%)
[P2] iter 95 state 20000/20449 (98%)
[P2] iter 95 state 20448/20449 (100%)
[P2] iter 95 done: span=0.698726 pi~3.5135 
[P2] iter 96 state 2000/20449 (10%)
[P2] iter 96 state 4000/20449 (20%)
[P2] iter 96 state 6000/20449 (29%)
[P2] iter 96 state 8000/20449 (39%)
[P2] iter 96 state 10000/20449 (49%)
[P2] iter 96 state 12000/20449 (59%)
[P2] iter 96 state 14000/20449 (68%)
[P2] iter 96 state 16000/20449 (78%)
[P2] iter 96 state 18000/20449 (88%)
[P2] iter 96 state 20000/20449 (98%)
[P2] iter 96 state 20448/20449 (100%)
[P2] iter 96 done: span=0.698666 pi~3.5115 
[P2] iter 97 state 2000/20449 (10%)
[P2] iter 97 state 4000/20449 (20%)
[P2] iter 97 state 6000/20449 (29%)
[P2] iter 97 state 8000/20449 (39%)
[P2] iter 97 state 10000/20449 (49%)
[P2] iter 97 state 12000/20449 (59%)
[P2] iter 97 state 14000/20449 (68%)
[P2] iter 97 state 16000/20449 (78%)
[P2] iter 97 state 18000/20449 (88%)
[P2] iter 97 state 20000/20449 (98%)
[P2] iter 97 state 20448/20449 (100%)
[P2] iter 97 done: span=0.698601 pi~3.5095 
[P2] iter 98 state 2000/20449 (10%)
[P2] iter 98 state 4000/20449 (20%)
[P2] iter 98 state 6000/20449 (29%)
[P2] iter 98 state 8000/20449 (39%)
[P2] iter 98 state 10000/20449 (49%)
[P2] iter 98 state 12000/20449 (59%)
[P2] iter 98 state 14000/20449 (68%)
[P2] iter 98 state 16000/20449 (78%)
[P2] iter 98 state 18000/20449 (88%)
[P2] iter 98 state 20000/20449 (98%)
[P2] iter 98 state 20448/20449 (100%)
[P2] iter 98 done: span=0.699971 pi~3.5082 
[P2] iter 99 state 2000/20449 (10%)
[P2] iter 99 state 4000/20449 (20%)
[P2] iter 99 state 6000/20449 (29%)
[P2] iter 99 state 8000/20449 (39%)
[P2] iter 99 state 10000/20449 (49%)
[P2] iter 99 state 12000/20449 (59%)
[P2] iter 99 state 14000/20449 (68%)
[P2] iter 99 state 16000/20449 (78%)
[P2] iter 99 state 18000/20449 (88%)
[P2] iter 99 state 20000/20449 (98%)
[P2] iter 99 state 20448/20449 (100%)
[P2] iter 99 done: span=0.700995 pi~3.5067 
[P2] iter 100 state 2000/20449 (10%)
[P2] iter 100 state 4000/20449 (20%)
[P2] iter 100 state 6000/20449 (29%)
[P2] iter 100 state 8000/20449 (39%)
[P2] iter 100 state 10000/20449 (49%)
[P2] iter 100 state 12000/20449 (59%)
[P2] iter 100 state 14000/20449 (68%)
[P2] iter 100 state 16000/20449 (78%)
[P2] iter 100 state 18000/20449 (88%)
[P2] iter 100 state 20000/20449 (98%)
[P2] iter 100 state 20448/20449 (100%)
[P2] iter 100 done: span=0.701122 pi~3.5049 
P2: mu_a=5 mu_b=6 Qa=11 Qb=13 N=20449
  iter=100 pi=3.5049 time=93604.98s -> results/P2_result.txt

=== P3 (N=28561) ===
[P3] init 2000/28561
[P3] init 4000/28561
[P3] init 6000/28561
[P3] init 8000/28561
[P3] init 10000/28561
[P3] init 12000/28561
[P3] init 14000/28561
[P3] init 16000/28561
[P3] init 18000/28561
[P3] init 20000/28561
[P3] init 22000/28561
[P3] init 24000/28561
[P3] init 26000/28561
[P3] init 28000/28561
[P3] iter 1 state 2000/28561 (7%)
[P3] iter 1 state 4000/28561 (14%)
[P3] iter 1 state 6000/28561 (21%)
[P3] iter 1 state 8000/28561 (28%)
[P3] iter 1 state 10000/28561 (35%)
[P3] iter 1 state 12000/28561 (42%)
[P3] iter 1 state 14000/28561 (49%)
[P3] iter 1 state 16000/28561 (56%)
[P3] iter 1 state 18000/28561 (63%)
[P3] iter 1 state 20000/28561 (70%)
[P3] iter 1 state 22000/28561 (77%)
[P3] iter 1 state 24000/28561 (84%)
[P3] iter 1 state 26000/28561 (91%)
[P3] iter 1 state 28000/28561 (98%)
[P3] iter 1 state 28560/28561 (100%)
[P3] iter 1 done: span=9.698221 pi~7.0673 
[P3] iter 2 state 2000/28561 (7%)
[P3] iter 2 state 4000/28561 (14%)
[P3] iter 2 state 6000/28561 (21%)
[P3] iter 2 state 8000/28561 (28%)
[P3] iter 2 state 10000/28561 (35%)
[P3] iter 2 state 12000/28561 (42%)
[P3] iter 2 state 14000/28561 (49%)
[P3] iter 2 state 16000/28561 (56%)
[P3] iter 2 state 18000/28561 (63%)
[P3] iter 2 state 20000/28561 (70%)
[P3] iter 2 state 22000/28561 (77%)
[P3] iter 2 state 24000/28561 (84%)
[P3] iter 2 state 26000/28561 (91%)
[P3] iter 2 state 28000/28561 (98%)
[P3] iter 2 state 28560/28561 (100%)
[P3] iter 2 done: span=2.562227 pi~4.1089 
[P3] iter 3 state 2000/28561 (7%)
[P3] iter 3 state 4000/28561 (14%)
[P3] iter 3 state 6000/28561 (21%)
[P3] iter 3 state 8000/28561 (28%)
[P3] iter 3 state 10000/28561 (35%)
[P3] iter 3 state 12000/28561 (42%)
[P3] iter 3 state 14000/28561 (49%)
[P3] iter 3 state 16000/28561 (56%)
[P3] iter 3 state 18000/28561 (63%)
[P3] iter 3 state 20000/28561 (70%)
[P3] iter 3 state 22000/28561 (77%)
[P3] iter 3 state 24000/28561 (84%)
[P3] iter 3 state 26000/28561 (91%)
[P3] iter 3 state 28000/28561 (98%)
[P3] iter 3 state 28560/28561 (100%)
[P3] iter 3 done: span=1.272996 pi~4.6172 
[P3] iter 4 state 2000/28561 (7%)
[P3] iter 4 state 4000/28561 (14%)
[P3] iter 4 state 6000/28561 (21%)
[P3] iter 4 state 8000/28561 (28%)
[P3] iter 4 state 10000/28561 (35%)
[P3] iter 4 state 12000/28561 (42%)
[P3] iter 4 state 14000/28561 (49%)
[P3] iter 4 state 16000/28561 (56%)
[P3] iter 4 state 18000/28561 (63%)
[P3] iter 4 state 20000/28561 (70%)
[P3] iter 4 state 22000/28561 (77%)
[P3] iter 4 state 24000/28561 (84%)
[P3] iter 4 state 26000/28561 (91%)
[P3] iter 4 state 28000/28561 (98%)
[P3] iter 4 state 28560/28561 (100%)
[P3] iter 4 done: span=1.076184 pi~4.4497 
[P3] iter 5 state 2000/28561 (7%)
[P3] iter 5 state 4000/28561 (14%)
[P3] iter 5 state 6000/28561 (21%)
[P3] iter 5 state 8000/28561 (28%)
[P3] iter 5 state 10000/28561 (35%)
[P3] iter 5 state 12000/28561 (42%)
[P3] iter 5 state 14000/28561 (49%)
[P3] iter 5 state 16000/28561 (56%)
[P3] iter 5 state 18000/28561 (63%)
[P3] iter 5 state 20000/28561 (70%)
[P3] iter 5 state 22000/28561 (77%)
[P3] iter 5 state 24000/28561 (84%)
[P3] iter 5 state 26000/28561 (91%)
[P3] iter 5 state 28000/28561 (98%)
[P3] iter 5 state 28560/28561 (100%)
[P3] iter 5 done: span=1.004005 pi~4.3996 
[P3] iter 6 state 2000/28561 (7%)
[P3] iter 6 state 4000/28561 (14%)
[P3] iter 6 state 6000/28561 (21%)
[P3] iter 6 state 8000/28561 (28%)
[P3] iter 6 state 10000/28561 (35%)
[P3] iter 6 state 12000/28561 (42%)
[P3] iter 6 state 14000/28561 (49%)
[P3] iter 6 state 16000/28561 (56%)
[P3] iter 6 state 18000/28561 (63%)
[P3] iter 6 state 20000/28561 (70%)
[P3] iter 6 state 22000/28561 (77%)
[P3] iter 6 state 24000/28561 (84%)
[P3] iter 6 state 26000/28561 (91%)
[P3] iter 6 state 28000/28561 (98%)
[P3] iter 6 state 28560/28561 (100%)
[P3] iter 6 done: span=0.951053 pi~4.4231 
[P3] iter 7 state 2000/28561 (7%)
[P3] iter 7 state 4000/28561 (14%)
[P3] iter 7 state 6000/28561 (21%)
[P3] iter 7 state 8000/28561 (28%)
[P3] iter 7 state 10000/28561 (35%)
[P3] iter 7 state 12000/28561 (42%)
[P3] iter 7 state 14000/28561 (49%)
[P3] iter 7 state 16000/28561 (56%)
[P3] iter 7 state 18000/28561 (63%)
[P3] iter 7 state 20000/28561 (70%)
[P3] iter 7 state 22000/28561 (77%)
[P3] iter 7 state 24000/28561 (84%)
[P3] iter 7 state 26000/28561 (91%)
[P3] iter 7 state 28000/28561 (98%)
[P3] iter 7 state 28560/28561 (100%)
[P3] iter 7 done: span=0.940907 pi~4.3662 
[P3] iter 8 state 2000/28561 (7%)
[P3] iter 8 state 4000/28561 (14%)
[P3] iter 8 state 6000/28561 (21%)
[P3] iter 8 state 8000/28561 (28%)
[P3] iter 8 state 10000/28561 (35%)
[P3] iter 8 state 12000/28561 (42%)
[P3] iter 8 state 14000/28561 (49%)
[P3] iter 8 state 16000/28561 (56%)
[P3] iter 8 state 18000/28561 (63%)
[P3] iter 8 state 20000/28561 (70%)
[P3] iter 8 state 22000/28561 (77%)
[P3] iter 8 state 24000/28561 (84%)
[P3] iter 8 state 26000/28561 (91%)
[P3] iter 8 state 28000/28561 (98%)
[P3] iter 8 state 28560/28561 (100%)
[P3] iter 8 done: span=0.945654 pi~4.3417 
[P3] iter 9 state 2000/28561 (7%)
[P3] iter 9 state 4000/28561 (14%)
[P3] iter 9 state 6000/28561 (21%)
[P3] iter 9 state 8000/28561 (28%)
[P3] iter 9 state 10000/28561 (35%)
[P3] iter 9 state 12000/28561 (42%)
[P3] iter 9 state 14000/28561 (49%)
[P3] iter 9 state 16000/28561 (56%)
[P3] iter 9 state 18000/28561 (63%)
[P3] iter 9 state 20000/28561 (70%)
[P3] iter 9 state 22000/28561 (77%)
[P3] iter 9 state 24000/28561 (84%)
[P3] iter 9 state 26000/28561 (91%)
[P3] iter 9 state 28000/28561 (98%)
[P3] iter 9 state 28560/28561 (100%)
[P3] iter 9 done: span=0.938037 pi~4.3248 
[P3] iter 10 state 2000/28561 (7%)
[P3] iter 10 state 4000/28561 (14%)
[P3] iter 10 state 6000/28561 (21%)
[P3] iter 10 state 8000/28561 (28%)
[P3] iter 10 state 10000/28561 (35%)
[P3] iter 10 state 12000/28561 (42%)
[P3] iter 10 state 14000/28561 (49%)
[P3] iter 10 state 16000/28561 (56%)
[P3] iter 10 state 18000/28561 (63%)
[P3] iter 10 state 20000/28561 (70%)
[P3] iter 10 state 22000/28561 (77%)
[P3] iter 10 state 24000/28561 (84%)
[P3] iter 10 state 26000/28561 (91%)
[P3] iter 10 state 28000/28561 (98%)
[P3] iter 10 state 28560/28561 (100%)
[P3] iter 10 done: span=0.944231 pi~4.3030 
[P3] iter 11 state 2000/28561 (7%)
[P3] iter 11 state 4000/28561 (14%)
[P3] iter 11 state 6000/28561 (21%)
[P3] iter 11 state 8000/28561 (28%)
[P3] iter 11 state 10000/28561 (35%)
[P3] iter 11 state 12000/28561 (42%)
[P3] iter 11 state 14000/28561 (49%)
[P3] iter 11 state 16000/28561 (56%)
[P3] iter 11 state 18000/28561 (63%)
[P3] iter 11 state 20000/28561 (70%)
[P3] iter 11 state 22000/28561 (77%)
[P3] iter 11 state 24000/28561 (84%)
[P3] iter 11 state 26000/28561 (91%)
[P3] iter 11 state 28000/28561 (98%)
[P3] iter 11 state 28560/28561 (100%)
[P3] iter 11 done: span=0.939447 pi~4.2876 
[P3] iter 12 state 2000/28561 (7%)
[P3] iter 12 state 4000/28561 (14%)
[P3] iter 12 state 6000/28561 (21%)
[P3] iter 12 state 8000/28561 (28%)
[P3] iter 12 state 10000/28561 (35%)
[P3] iter 12 state 12000/28561 (42%)
[P3] iter 12 state 14000/28561 (49%)
[P3] iter 12 state 16000/28561 (56%)
[P3] iter 12 state 18000/28561 (63%)
[P3] iter 12 state 20000/28561 (70%)
[P3] iter 12 state 22000/28561 (77%)
[P3] iter 12 state 24000/28561 (84%)
[P3] iter 12 state 26000/28561 (91%)
[P3] iter 12 state 28000/28561 (98%)
[P3] iter 12 state 28560/28561 (100%)
[P3] iter 12 done: span=0.926056 pi~4.2722 
[P3] iter 13 state 2000/28561 (7%)
[P3] iter 13 state 4000/28561 (14%)
[P3] iter 13 state 6000/28561 (21%)
[P3] iter 13 state 8000/28561 (28%)
[P3] iter 13 state 10000/28561 (35%)
[P3] iter 13 state 12000/28561 (42%)
[P3] iter 13 state 14000/28561 (49%)
[P3] iter 13 state 16000/28561 (56%)
[P3] iter 13 state 18000/28561 (63%)
[P3] iter 13 state 20000/28561 (70%)
[P3] iter 13 state 22000/28561 (77%)
[P3] iter 13 state 24000/28561 (84%)
[P3] iter 13 state 26000/28561 (91%)
[P3] iter 13 state 28000/28561 (98%)
[P3] iter 13 state 28560/28561 (100%)
[P3] iter 13 done: span=0.910634 pi~4.2596 
[P3] iter 14 state 2000/28561 (7%)
[P3] iter 14 state 4000/28561 (14%)
[P3] iter 14 state 6000/28561 (21%)
[P3] iter 14 state 8000/28561 (28%)
[P3] iter 14 state 10000/28561 (35%)
[P3] iter 14 state 12000/28561 (42%)
[P3] iter 14 state 14000/28561 (49%)
[P3] iter 14 state 16000/28561 (56%)
[P3] iter 14 state 18000/28561 (63%)
[P3] iter 14 state 20000/28561 (70%)
[P3] iter 14 state 22000/28561 (77%)
[P3] iter 14 state 24000/28561 (84%)
[P3] iter 14 state 26000/28561 (91%)
[P3] iter 14 state 28000/28561 (98%)
[P3] iter 14 state 28560/28561 (100%)
[P3] iter 14 done: span=0.917965 pi~4.2466 
[P3] iter 15 state 2000/28561 (7%)
[P3] iter 15 state 4000/28561 (14%)
[P3] iter 15 state 6000/28561 (21%)
[P3] iter 15 state 8000/28561 (28%)
[P3] iter 15 state 10000/28561 (35%)
[P3] iter 15 state 12000/28561 (42%)
[P3] iter 15 state 14000/28561 (49%)
[P3] iter 15 state 16000/28561 (56%)
[P3] iter 15 state 18000/28561 (63%)
[P3] iter 15 state 20000/28561 (70%)
[P3] iter 15 state 22000/28561 (77%)
[P3] iter 15 state 24000/28561 (84%)
[P3] iter 15 state 26000/28561 (91%)
[P3] iter 15 state 28000/28561 (98%)
[P3] iter 15 state 28560/28561 (100%)
[P3] iter 15 done: span=0.923051 pi~4.2353 
[P3] iter 16 state 2000/28561 (7%)
[P3] iter 16 state 4000/28561 (14%)
[P3] iter 16 state 6000/28561 (21%)
[P3] iter 16 state 8000/28561 (28%)
[P3] iter 16 state 10000/28561 (35%)
[P3] iter 16 state 12000/28561 (42%)
[P3] iter 16 state 14000/28561 (49%)
[P3] iter 16 state 16000/28561 (56%)
[P3] iter 16 state 18000/28561 (63%)
[P3] iter 16 state 20000/28561 (70%)
[P3] iter 16 state 22000/28561 (77%)
[P3] iter 16 state 24000/28561 (84%)
[P3] iter 16 state 26000/28561 (91%)
[P3] iter 16 state 28000/28561 (98%)
[P3] iter 16 state 28560/28561 (100%)
[P3] iter 16 done: span=0.924681 pi~4.2232 
[P3] iter 17 state 2000/28561 (7%)
[P3] iter 17 state 4000/28561 (14%)
[P3] iter 17 state 6000/28561 (21%)
[P3] iter 17 state 8000/28561 (28%)
[P3] iter 17 state 10000/28561 (35%)
[P3] iter 17 state 12000/28561 (42%)
[P3] iter 17 state 14000/28561 (49%)
[P3] iter 17 state 16000/28561 (56%)
[P3] iter 17 state 18000/28561 (63%)
[P3] iter 17 state 20000/28561 (70%)
[P3] iter 17 state 22000/28561 (77%)
[P3] iter 17 state 24000/28561 (84%)
[P3] iter 17 state 26000/28561 (91%)
[P3] iter 17 state 28000/28561 (98%)
[P3] iter 17 state 28560/28561 (100%)
[P3] iter 17 done: span=0.920000 pi~4.2123 
[P3] iter 18 state 2000/28561 (7%)
[P3] iter 18 state 4000/28561 (14%)
[P3] iter 18 state 6000/28561 (21%)
[P3] iter 18 state 8000/28561 (28%)
[P3] iter 18 state 10000/28561 (35%)
[P3] iter 18 state 12000/28561 (42%)
[P3] iter 18 state 14000/28561 (49%)
[P3] iter 18 state 16000/28561 (56%)
[P3] iter 18 state 18000/28561 (63%)
[P3] iter 18 state 20000/28561 (70%)
[P3] iter 18 state 22000/28561 (77%)
[P3] iter 18 state 24000/28561 (84%)
[P3] iter 18 state 26000/28561 (91%)
[P3] iter 18 state 28000/28561 (98%)
[P3] iter 18 state 28560/28561 (100%)
[P3] iter 18 done: span=0.917997 pi~4.2041 
[P3] iter 19 state 2000/28561 (7%)
[P3] iter 19 state 4000/28561 (14%)
[P3] iter 19 state 6000/28561 (21%)
[P3] iter 19 state 8000/28561 (28%)
[P3] iter 19 state 10000/28561 (35%)
[P3] iter 19 state 12000/28561 (42%)
[P3] iter 19 state 14000/28561 (49%)
[P3] iter 19 state 16000/28561 (56%)
[P3] iter 19 state 18000/28561 (63%)
[P3] iter 19 state 20000/28561 (70%)
[P3] iter 19 state 22000/28561 (77%)
[P3] iter 19 state 24000/28561 (84%)
[P3] iter 19 state 26000/28561 (91%)
[P3] iter 19 state 28000/28561 (98%)
[P3] iter 19 state 28560/28561 (100%)
[P3] iter 19 done: span=0.913929 pi~4.1922 
[P3] iter 20 state 2000/28561 (7%)
[P3] iter 20 state 4000/28561 (14%)
[P3] iter 20 state 6000/28561 (21%)
[P3] iter 20 state 8000/28561 (28%)
[P3] iter 20 state 10000/28561 (35%)
[P3] iter 20 state 12000/28561 (42%)
[P3] iter 20 state 14000/28561 (49%)
[P3] iter 20 state 16000/28561 (56%)
[P3] iter 20 state 18000/28561 (63%)
[P3] iter 20 state 20000/28561 (70%)
[P3] iter 20 state 22000/28561 (77%)
[P3] iter 20 state 24000/28561 (84%)
[P3] iter 20 state 26000/28561 (91%)
[P3] iter 20 state 28000/28561 (98%)
[P3] iter 20 state 28560/28561 (100%)
[P3] iter 20 done: span=0.917218 pi~4.1834 
[P3] iter 21 state 2000/28561 (7%)
[P3] iter 21 state 4000/28561 (14%)
[P3] iter 21 state 6000/28561 (21%)
[P3] iter 21 state 8000/28561 (28%)
[P3] iter 21 state 10000/28561 (35%)
[P3] iter 21 state 12000/28561 (42%)
[P3] iter 21 state 14000/28561 (49%)
[P3] iter 21 state 16000/28561 (56%)
[P3] iter 21 state 18000/28561 (63%)
[P3] iter 21 state 20000/28561 (70%)
[P3] iter 21 state 22000/28561 (77%)
[P3] iter 21 state 24000/28561 (84%)
[P3] iter 21 state 26000/28561 (91%)
[P3] iter 21 state 28000/28561 (98%)
[P3] iter 21 state 28560/28561 (100%)
[P3] iter 21 done: span=0.908572 pi~4.1753 
[P3] iter 22 state 2000/28561 (7%)
[P3] iter 22 state 4000/28561 (14%)
[P3] iter 22 state 6000/28561 (21%)
[P3] iter 22 state 8000/28561 (28%)
[P3] iter 22 state 10000/28561 (35%)
[P3] iter 22 state 12000/28561 (42%)
[P3] iter 22 state 14000/28561 (49%)
[P3] iter 22 state 16000/28561 (56%)
[P3] iter 22 state 18000/28561 (63%)
[P3] iter 22 state 20000/28561 (70%)
[P3] iter 22 state 22000/28561 (77%)
[P3] iter 22 state 24000/28561 (84%)
[P3] iter 22 state 26000/28561 (91%)
[P3] iter 22 state 28000/28561 (98%)
[P3] iter 22 state 28560/28561 (100%)
[P3] iter 22 done: span=0.894829 pi~4.1741 
[P3] iter 23 state 2000/28561 (7%)
[P3] iter 23 state 4000/28561 (14%)
[P3] iter 23 state 6000/28561 (21%)
[P3] iter 23 state 8000/28561 (28%)
[P3] iter 23 state 10000/28561 (35%)
[P3] iter 23 state 12000/28561 (42%)
[P3] iter 23 state 14000/28561 (49%)
[P3] iter 23 state 16000/28561 (56%)
[P3] iter 23 state 18000/28561 (63%)
[P3] iter 23 state 20000/28561 (70%)
[P3] iter 23 state 22000/28561 (77%)
[P3] iter 23 state 24000/28561 (84%)
[P3] iter 23 state 26000/28561 (91%)
[P3] iter 23 state 28000/28561 (98%)
[P3] iter 23 state 28560/28561 (100%)
[P3] iter 23 done: span=0.891458 pi~4.1650 
[P3] iter 24 state 2000/28561 (7%)
[P3] iter 24 state 4000/28561 (14%)
[P3] iter 24 state 6000/28561 (21%)
[P3] iter 24 state 8000/28561 (28%)
[P3] iter 24 state 10000/28561 (35%)
[P3] iter 24 state 12000/28561 (42%)
[P3] iter 24 state 14000/28561 (49%)
[P3] iter 24 state 16000/28561 (56%)
[P3] iter 24 state 18000/28561 (63%)
[P3] iter 24 state 20000/28561 (70%)
[P3] iter 24 state 22000/28561 (77%)
[P3] iter 24 state 24000/28561 (84%)
[P3] iter 24 state 26000/28561 (91%)
[P3] iter 24 state 28000/28561 (98%)
[P3] iter 24 state 28560/28561 (100%)
[P3] iter 24 done: span=0.891574 pi~4.1562 
[P3] iter 25 state 2000/28561 (7%)
[P3] iter 25 state 4000/28561 (14%)
[P3] iter 25 state 6000/28561 (21%)
[P3] iter 25 state 8000/28561 (28%)
[P3] iter 25 state 10000/28561 (35%)
[P3] iter 25 state 12000/28561 (42%)
[P3] iter 25 state 14000/28561 (49%)
[P3] iter 25 state 16000/28561 (56%)
[P3] iter 25 state 18000/28561 (63%)
[P3] iter 25 state 20000/28561 (70%)
[P3] iter 25 state 22000/28561 (77%)
[P3] iter 25 state 24000/28561 (84%)
[P3] iter 25 state 26000/28561 (91%)
[P3] iter 25 state 28000/28561 (98%)
[P3] iter 25 state 28560/28561 (100%)
[P3] iter 25 done: span=0.885884 pi~4.1532 
[P3] iter 26 state 2000/28561 (7%)
[P3] iter 26 state 4000/28561 (14%)
[P3] iter 26 state 6000/28561 (21%)
[P3] iter 26 state 8000/28561 (28%)
[P3] iter 26 state 10000/28561 (35%)
[P3] iter 26 state 12000/28561 (42%)
[P3] iter 26 state 14000/28561 (49%)
[P3] iter 26 state 16000/28561 (56%)
[P3] iter 26 state 18000/28561 (63%)
[P3] iter 26 state 20000/28561 (70%)
[P3] iter 26 state 22000/28561 (77%)
[P3] iter 26 state 24000/28561 (84%)
[P3] iter 26 state 26000/28561 (91%)
[P3] iter 26 state 28000/28561 (98%)
[P3] iter 26 state 28560/28561 (100%)
[P3] iter 26 done: span=0.881986 pi~4.1477 
[P3] iter 27 state 2000/28561 (7%)
[P3] iter 27 state 4000/28561 (14%)
[P3] iter 27 state 6000/28561 (21%)
[P3] iter 27 state 8000/28561 (28%)
[P3] iter 27 state 10000/28561 (35%)
[P3] iter 27 state 12000/28561 (42%)
[P3] iter 27 state 14000/28561 (49%)
[P3] iter 27 state 16000/28561 (56%)
[P3] iter 27 state 18000/28561 (63%)
[P3] iter 27 state 20000/28561 (70%)
[P3] iter 27 state 22000/28561 (77%)
[P3] iter 27 state 24000/28561 (84%)
[P3] iter 27 state 26000/28561 (91%)
[P3] iter 27 state 28000/28561 (98%)
[P3] iter 27 state 28560/28561 (100%)
[P3] iter 27 done: span=0.880185 pi~4.1417 
[P3] iter 28 state 2000/28561 (7%)
[P3] iter 28 state 4000/28561 (14%)
[P3] iter 28 state 6000/28561 (21%)
[P3] iter 28 state 8000/28561 (28%)
[P3] iter 28 state 10000/28561 (35%)
[P3] iter 28 state 12000/28561 (42%)
[P3] iter 28 state 14000/28561 (49%)
[P3] iter 28 state 16000/28561 (56%)
[P3] iter 28 state 18000/28561 (63%)
[P3] iter 28 state 20000/28561 (70%)
[P3] iter 28 state 22000/28561 (77%)
[P3] iter 28 state 24000/28561 (84%)
[P3] iter 28 state 26000/28561 (91%)
[P3] iter 28 state 28000/28561 (98%)
[P3] iter 28 state 28560/28561 (100%)
[P3] iter 28 done: span=0.875015 pi~4.1400 
[P3] iter 29 state 2000/28561 (7%)
[P3] iter 29 state 4000/28561 (14%)
[P3] iter 29 state 6000/28561 (21%)
[P3] iter 29 state 8000/28561 (28%)
[P3] iter 29 state 10000/28561 (35%)
[P3] iter 29 state 12000/28561 (42%)
[P3] iter 29 state 14000/28561 (49%)
[P3] iter 29 state 16000/28561 (56%)
[P3] iter 29 state 18000/28561 (63%)
[P3] iter 29 state 20000/28561 (70%)
[P3] iter 29 state 22000/28561 (77%)
[P3] iter 29 state 24000/28561 (84%)
[P3] iter 29 state 26000/28561 (91%)
[P3] iter 29 state 28000/28561 (98%)
[P3] iter 29 state 28560/28561 (100%)
[P3] iter 29 done: span=0.854545 pi~4.1431 
[P3] iter 30 state 2000/28561 (7%)
[P3] iter 30 state 4000/28561 (14%)
[P3] iter 30 state 6000/28561 (21%)
[P3] iter 30 state 8000/28561 (28%)
[P3] iter 30 state 10000/28561 (35%)
[P3] iter 30 state 12000/28561 (42%)
[P3] iter 30 state 14000/28561 (49%)
[P3] iter 30 state 16000/28561 (56%)
[P3] iter 30 state 18000/28561 (63%)
[P3] iter 30 state 20000/28561 (70%)
[P3] iter 30 state 22000/28561 (77%)
[P3] iter 30 state 24000/28561 (84%)
[P3] iter 30 state 26000/28561 (91%)
[P3] iter 30 state 28000/28561 (98%)
[P3] iter 30 state 28560/28561 (100%)
[P3] iter 30 done: span=0.854099 pi~4.1374 
[P3] iter 31 state 2000/28561 (7%)
[P3] iter 31 state 4000/28561 (14%)
[P3] iter 31 state 6000/28561 (21%)
[P3] iter 31 state 8000/28561 (28%)
[P3] iter 31 state 10000/28561 (35%)
[P3] iter 31 state 12000/28561 (42%)
[P3] iter 31 state 14000/28561 (49%)
[P3] iter 31 state 16000/28561 (56%)
[P3] iter 31 state 18000/28561 (63%)
[P3] iter 31 state 20000/28561 (70%)
[P3] iter 31 state 22000/28561 (77%)
[P3] iter 31 state 24000/28561 (84%)
[P3] iter 31 state 26000/28561 (91%)
[P3] iter 31 state 28000/28561 (98%)
[P3] iter 31 state 28560/28561 (100%)
[P3] iter 31 done: span=0.853000 pi~4.1324 
[P3] iter 32 state 2000/28561 (7%)
[P3] iter 32 state 4000/28561 (14%)
[P3] iter 32 state 6000/28561 (21%)
[P3] iter 32 state 8000/28561 (28%)
[P3] iter 32 state 10000/28561 (35%)
[P3] iter 32 state 12000/28561 (42%)
[P3] iter 32 state 14000/28561 (49%)
[P3] iter 32 state 16000/28561 (56%)
[P3] iter 32 state 18000/28561 (63%)
[P3] iter 32 state 20000/28561 (70%)
[P3] iter 32 state 22000/28561 (77%)
[P3] iter 32 state 24000/28561 (84%)
[P3] iter 32 state 26000/28561 (91%)
[P3] iter 32 state 28000/28561 (98%)
[P3] iter 32 state 28560/28561 (100%)
[P3] iter 32 done: span=0.851767 pi~4.1262 
[P3] iter 33 state 2000/28561 (7%)
[P3] iter 33 state 4000/28561 (14%)
[P3] iter 33 state 6000/28561 (21%)
[P3] iter 33 state 8000/28561 (28%)
[P3] iter 33 state 10000/28561 (35%)
[P3] iter 33 state 12000/28561 (42%)
[P3] iter 33 state 14000/28561 (49%)
[P3] iter 33 state 16000/28561 (56%)
[P3] iter 33 state 18000/28561 (63%)
[P3] iter 33 state 20000/28561 (70%)
[P3] iter 33 state 22000/28561 (77%)
[P3] iter 33 state 24000/28561 (84%)
[P3] iter 33 state 26000/28561 (91%)
[P3] iter 33 state 28000/28561 (98%)
[P3] iter 33 state 28560/28561 (100%)
[P3] iter 33 done: span=0.848347 pi~4.1209 
[P3] iter 34 state 2000/28561 (7%)
[P3] iter 34 state 4000/28561 (14%)
[P3] iter 34 state 6000/28561 (21%)
[P3] iter 34 state 8000/28561 (28%)
[P3] iter 34 state 10000/28561 (35%)
[P3] iter 34 state 12000/28561 (42%)
[P3] iter 34 state 14000/28561 (49%)
[P3] iter 34 state 16000/28561 (56%)
[P3] iter 34 state 18000/28561 (63%)
[P3] iter 34 state 20000/28561 (70%)
[P3] iter 34 state 22000/28561 (77%)
[P3] iter 34 state 24000/28561 (84%)
[P3] iter 34 state 26000/28561 (91%)
[P3] iter 34 state 28000/28561 (98%)
[P3] iter 34 state 28560/28561 (100%)
[P3] iter 34 done: span=0.847986 pi~4.1156 
[P3] iter 35 state 2000/28561 (7%)
[P3] iter 35 state 4000/28561 (14%)
[P3] iter 35 state 6000/28561 (21%)
[P3] iter 35 state 8000/28561 (28%)
[P3] iter 35 state 10000/28561 (35%)
[P3] iter 35 state 12000/28561 (42%)
[P3] iter 35 state 14000/28561 (49%)
[P3] iter 35 state 16000/28561 (56%)
[P3] iter 35 state 18000/28561 (63%)
[P3] iter 35 state 20000/28561 (70%)
[P3] iter 35 state 22000/28561 (77%)
[P3] iter 35 state 24000/28561 (84%)
[P3] iter 35 state 26000/28561 (91%)
[P3] iter 35 state 28000/28561 (98%)
[P3] iter 35 state 28560/28561 (100%)
[P3] iter 35 done: span=0.847258 pi~4.1100 
[P3] iter 36 state 2000/28561 (7%)
[P3] iter 36 state 4000/28561 (14%)
[P3] iter 36 state 6000/28561 (21%)
[P3] iter 36 state 8000/28561 (28%)
[P3] iter 36 state 10000/28561 (35%)
[P3] iter 36 state 12000/28561 (42%)
[P3] iter 36 state 14000/28561 (49%)
[P3] iter 36 state 16000/28561 (56%)
[P3] iter 36 state 18000/28561 (63%)
[P3] iter 36 state 20000/28561 (70%)
[P3] iter 36 state 22000/28561 (77%)
[P3] iter 36 state 24000/28561 (84%)
[P3] iter 36 state 26000/28561 (91%)
[P3] iter 36 state 28000/28561 (98%)
[P3] iter 36 state 28560/28561 (100%)
[P3] iter 36 done: span=0.847205 pi~4.1046 
[P3] iter 37 state 2000/28561 (7%)
[P3] iter 37 state 4000/28561 (14%)
[P3] iter 37 state 6000/28561 (21%)
[P3] iter 37 state 8000/28561 (28%)
[P3] iter 37 state 10000/28561 (35%)
[P3] iter 37 state 12000/28561 (42%)
[P3] iter 37 state 14000/28561 (49%)
[P3] iter 37 state 16000/28561 (56%)
[P3] iter 37 state 18000/28561 (63%)
[P3] iter 37 state 20000/28561 (70%)
[P3] iter 37 state 22000/28561 (77%)
[P3] iter 37 state 24000/28561 (84%)
[P3] iter 37 state 26000/28561 (91%)
[P3] iter 37 state 28000/28561 (98%)
[P3] iter 37 state 28560/28561 (100%)
[P3] iter 37 done: span=0.845845 pi~4.0992 
[P3] iter 38 state 2000/28561 (7%)
[P3] iter 38 state 4000/28561 (14%)
[P3] iter 38 state 6000/28561 (21%)
[P3] iter 38 state 8000/28561 (28%)
[P3] iter 38 state 10000/28561 (35%)
[P3] iter 38 state 12000/28561 (42%)
[P3] iter 38 state 14000/28561 (49%)
[P3] iter 38 state 16000/28561 (56%)
[P3] iter 38 state 18000/28561 (63%)
[P3] iter 38 state 20000/28561 (70%)
[P3] iter 38 state 22000/28561 (77%)
[P3] iter 38 state 24000/28561 (84%)
[P3] iter 38 state 26000/28561 (91%)
[P3] iter 38 state 28000/28561 (98%)
[P3] iter 38 state 28560/28561 (100%)
[P3] iter 38 done: span=0.844171 pi~4.0937 
[P3] iter 39 state 2000/28561 (7%)
[P3] iter 39 state 4000/28561 (14%)
[P3] iter 39 state 6000/28561 (21%)
[P3] iter 39 state 8000/28561 (28%)
[P3] iter 39 state 10000/28561 (35%)
[P3] iter 39 state 12000/28561 (42%)
[P3] iter 39 state 14000/28561 (49%)
[P3] iter 39 state 16000/28561 (56%)
[P3] iter 39 state 18000/28561 (63%)
[P3] iter 39 state 20000/28561 (70%)
[P3] iter 39 state 22000/28561 (77%)
[P3] iter 39 state 24000/28561 (84%)
[P3] iter 39 state 26000/28561 (91%)
[P3] iter 39 state 28000/28561 (98%)
[P3] iter 39 state 28560/28561 (100%)
[P3] iter 39 done: span=0.843405 pi~4.0883 
[P3] iter 40 state 2000/28561 (7%)
[P3] iter 40 state 4000/28561 (14%)
[P3] iter 40 state 6000/28561 (21%)
[P3] iter 40 state 8000/28561 (28%)
[P3] iter 40 state 10000/28561 (35%)
[P3] iter 40 state 12000/28561 (42%)
[P3] iter 40 state 14000/28561 (49%)
[P3] iter 40 state 16000/28561 (56%)
[P3] iter 40 state 18000/28561 (63%)
[P3] iter 40 state 20000/28561 (70%)
[P3] iter 40 state 22000/28561 (77%)
[P3] iter 40 state 24000/28561 (84%)
[P3] iter 40 state 26000/28561 (91%)
[P3] iter 40 state 28000/28561 (98%)
[P3] iter 40 state 28560/28561 (100%)
[P3] iter 40 done: span=0.842889 pi~4.0832 
[P3] iter 41 state 2000/28561 (7%)
[P3] iter 41 state 4000/28561 (14%)
[P3] iter 41 state 6000/28561 (21%)
[P3] iter 41 state 8000/28561 (28%)
[P3] iter 41 state 10000/28561 (35%)
[P3] iter 41 state 12000/28561 (42%)
[P3] iter 41 state 14000/28561 (49%)
[P3] iter 41 state 16000/28561 (56%)
[P3] iter 41 state 18000/28561 (63%)
[P3] iter 41 state 20000/28561 (70%)
[P3] iter 41 state 22000/28561 (77%)
[P3] iter 41 state 24000/28561 (84%)
[P3] iter 41 state 26000/28561 (91%)
[P3] iter 41 state 28000/28561 (98%)
[P3] iter 41 state 28560/28561 (100%)
[P3] iter 41 done: span=0.842934 pi~4.0782 
[P3] iter 42 state 2000/28561 (7%)
[P3] iter 42 state 4000/28561 (14%)
[P3] iter 42 state 6000/28561 (21%)
[P3] iter 42 state 8000/28561 (28%)
[P3] iter 42 state 10000/28561 (35%)
[P3] iter 42 state 12000/28561 (42%)
[P3] iter 42 state 14000/28561 (49%)
[P3] iter 42 state 16000/28561 (56%)
[P3] iter 42 state 18000/28561 (63%)
[P3] iter 42 state 20000/28561 (70%)
[P3] iter 42 state 22000/28561 (77%)
[P3] iter 42 state 24000/28561 (84%)
[P3] iter 42 state 26000/28561 (91%)
[P3] iter 42 state 28000/28561 (98%)
[P3] iter 42 state 28560/28561 (100%)
[P3] iter 42 done: span=0.843135 pi~4.0741 
[P3] iter 43 state 2000/28561 (7%)
[P3] iter 43 state 4000/28561 (14%)
[P3] iter 43 state 6000/28561 (21%)
[P3] iter 43 state 8000/28561 (28%)
[P3] iter 43 state 10000/28561 (35%)
[P3] iter 43 state 12000/28561 (42%)
[P3] iter 43 state 14000/28561 (49%)
[P3] iter 43 state 16000/28561 (56%)
[P3] iter 43 state 18000/28561 (63%)
[P3] iter 43 state 20000/28561 (70%)
[P3] iter 43 state 22000/28561 (77%)
[P3] iter 43 state 24000/28561 (84%)
[P3] iter 43 state 26000/28561 (91%)
[P3] iter 43 state 28000/28561 (98%)
[P3] iter 43 state 28560/28561 (100%)
[P3] iter 43 done: span=0.842869 pi~4.0701 
[P3] iter 44 state 2000/28561 (7%)
[P3] iter 44 state 4000/28561 (14%)
[P3] iter 44 state 6000/28561 (21%)
[P3] iter 44 state 8000/28561 (28%)
[P3] iter 44 state 10000/28561 (35%)
[P3] iter 44 state 12000/28561 (42%)
[P3] iter 44 state 14000/28561 (49%)
[P3] iter 44 state 16000/28561 (56%)
[P3] iter 44 state 18000/28561 (63%)
[P3] iter 44 state 20000/28561 (70%)
[P3] iter 44 state 22000/28561 (77%)
[P3] iter 44 state 24000/28561 (84%)
[P3] iter 44 state 26000/28561 (91%)
[P3] iter 44 state 28000/28561 (98%)
[P3] iter 44 state 28560/28561 (100%)
[P3] iter 44 done: span=0.844389 pi~4.0671 
[P3] iter 45 state 2000/28561 (7%)
[P3] iter 45 state 4000/28561 (14%)
[P3] iter 45 state 6000/28561 (21%)
[P3] iter 45 state 8000/28561 (28%)
[P3] iter 45 state 10000/28561 (35%)
[P3] iter 45 state 12000/28561 (42%)
[P3] iter 45 state 14000/28561 (49%)
[P3] iter 45 state 16000/28561 (56%)
[P3] iter 45 state 18000/28561 (63%)
[P3] iter 45 state 20000/28561 (70%)
[P3] iter 45 state 22000/28561 (77%)
[P3] iter 45 state 24000/28561 (84%)
[P3] iter 45 state 26000/28561 (91%)
[P3] iter 45 state 28000/28561 (98%)
[P3] iter 45 state 28560/28561 (100%)
[P3] iter 45 done: span=0.843890 pi~4.0633 
[P3] iter 46 state 2000/28561 (7%)
[P3] iter 46 state 4000/28561 (14%)
[P3] iter 46 state 6000/28561 (21%)
[P3] iter 46 state 8000/28561 (28%)
[P3] iter 46 state 10000/28561 (35%)
[P3] iter 46 state 12000/28561 (42%)
[P3] iter 46 state 14000/28561 (49%)
[P3] iter 46 state 16000/28561 (56%)
[P3] iter 46 state 18000/28561 (63%)
[P3] iter 46 state 20000/28561 (70%)
[P3] iter 46 state 22000/28561 (77%)
[P3] iter 46 state 24000/28561 (84%)
[P3] iter 46 state 26000/28561 (91%)
[P3] iter 46 state 28000/28561 (98%)
[P3] iter 46 state 28560/28561 (100%)
[P3] iter 46 done: span=0.843369 pi~4.0597 
[P3] iter 47 state 2000/28561 (7%)
[P3] iter 47 state 4000/28561 (14%)
[P3] iter 47 state 6000/28561 (21%)
[P3] iter 47 state 8000/28561 (28%)
[P3] iter 47 state 10000/28561 (35%)
[P3] iter 47 state 12000/28561 (42%)
[P3] iter 47 state 14000/28561 (49%)
[P3] iter 47 state 16000/28561 (56%)
[P3] iter 47 state 18000/28561 (63%)
[P3] iter 47 state 20000/28561 (70%)
[P3] iter 47 state 22000/28561 (77%)
[P3] iter 47 state 24000/28561 (84%)
[P3] iter 47 state 26000/28561 (91%)
[P3] iter 47 state 28000/28561 (98%)
[P3] iter 47 state 28560/28561 (100%)
[P3] iter 47 done: span=0.842851 pi~4.0570 
[P3] iter 48 state 2000/28561 (7%)
[P3] iter 48 state 4000/28561 (14%)
[P3] iter 48 state 6000/28561 (21%)
[P3] iter 48 state 8000/28561 (28%)
[P3] iter 48 state 10000/28561 (35%)
[P3] iter 48 state 12000/28561 (42%)
[P3] iter 48 state 14000/28561 (49%)
[P3] iter 48 state 16000/28561 (56%)
[P3] iter 48 state 18000/28561 (63%)
[P3] iter 48 state 20000/28561 (70%)
[P3] iter 48 state 22000/28561 (77%)
[P3] iter 48 state 24000/28561 (84%)
[P3] iter 48 state 26000/28561 (91%)
[P3] iter 48 state 28000/28561 (98%)
[P3] iter 48 state 28560/28561 (100%)
[P3] iter 48 done: span=0.842376 pi~4.0540 
[P3] iter 49 state 2000/28561 (7%)
[P3] iter 49 state 4000/28561 (14%)
[P3] iter 49 state 6000/28561 (21%)
[P3] iter 49 state 8000/28561 (28%)
[P3] iter 49 state 10000/28561 (35%)
[P3] iter 49 state 12000/28561 (42%)
[P3] iter 49 state 14000/28561 (49%)
[P3] iter 49 state 16000/28561 (56%)
[P3] iter 49 state 18000/28561 (63%)
[P3] iter 49 state 20000/28561 (70%)
[P3] iter 49 state 22000/28561 (77%)
[P3] iter 49 state 24000/28561 (84%)
[P3] iter 49 state 26000/28561 (91%)
[P3] iter 49 state 28000/28561 (98%)
[P3] iter 49 state 28560/28561 (100%)
[P3] iter 49 done: span=0.841374 pi~4.0507 
[P3] iter 50 state 2000/28561 (7%)
[P3] iter 50 state 4000/28561 (14%)
[P3] iter 50 state 6000/28561 (21%)
[P3] iter 50 state 8000/28561 (28%)
[P3] iter 50 state 10000/28561 (35%)
[P3] iter 50 state 12000/28561 (42%)
[P3] iter 50 state 14000/28561 (49%)
[P3] iter 50 state 16000/28561 (56%)
[P3] iter 50 state 18000/28561 (63%)
[P3] iter 50 state 20000/28561 (70%)
[P3] iter 50 state 22000/28561 (77%)
[P3] iter 50 state 24000/28561 (84%)
[P3] iter 50 state 26000/28561 (91%)
[P3] iter 50 state 28000/28561 (98%)
[P3] iter 50 state 28560/28561 (100%)
[P3] iter 50 done: span=0.840149 pi~4.0476 
[P3] iter 51 state 2000/28561 (7%)
[P3] iter 51 state 4000/28561 (14%)
[P3] iter 51 state 6000/28561 (21%)
[P3] iter 51 state 8000/28561 (28%)
[P3] iter 51 state 10000/28561 (35%)
[P3] iter 51 state 12000/28561 (42%)
[P3] iter 51 state 14000/28561 (49%)
[P3] iter 51 state 16000/28561 (56%)
[P3] iter 51 state 18000/28561 (63%)
[P3] iter 51 state 20000/28561 (70%)
[P3] iter 51 state 22000/28561 (77%)
[P3] iter 51 state 24000/28561 (84%)
[P3] iter 51 state 26000/28561 (91%)
[P3] iter 51 state 28000/28561 (98%)
[P3] iter 51 state 28560/28561 (100%)
[P3] iter 51 done: span=0.839202 pi~4.0448 
[P3] iter 52 state 2000/28561 (7%)
[P3] iter 52 state 4000/28561 (14%)
[P3] iter 52 state 6000/28561 (21%)
[P3] iter 52 state 8000/28561 (28%)
[P3] iter 52 state 10000/28561 (35%)
[P3] iter 52 state 12000/28561 (42%)
[P3] iter 52 state 14000/28561 (49%)
[P3] iter 52 state 16000/28561 (56%)
[P3] iter 52 state 18000/28561 (63%)
[P3] iter 52 state 20000/28561 (70%)
[P3] iter 52 state 22000/28561 (77%)
[P3] iter 52 state 24000/28561 (84%)
[P3] iter 52 state 26000/28561 (91%)
[P3] iter 52 state 28000/28561 (98%)
[P3] iter 52 state 28560/28561 (100%)
[P3] iter 52 done: span=0.838126 pi~4.0417 
[P3] iter 53 state 2000/28561 (7%)
[P3] iter 53 state 4000/28561 (14%)
[P3] iter 53 state 6000/28561 (21%)
[P3] iter 53 state 8000/28561 (28%)
[P3] iter 53 state 10000/28561 (35%)
[P3] iter 53 state 12000/28561 (42%)
[P3] iter 53 state 14000/28561 (49%)
[P3] iter 53 state 16000/28561 (56%)
[P3] iter 53 state 18000/28561 (63%)
[P3] iter 53 state 20000/28561 (70%)
[P3] iter 53 state 22000/28561 (77%)
[P3] iter 53 state 24000/28561 (84%)
[P3] iter 53 state 26000/28561 (91%)
[P3] iter 53 state 28000/28561 (98%)
[P3] iter 53 state 28560/28561 (100%)
[P3] iter 53 done: span=0.819409 pi~4.0474 
[P3] iter 54 state 2000/28561 (7%)
[P3] iter 54 state 4000/28561 (14%)
[P3] iter 54 state 6000/28561 (21%)
[P3] iter 54 state 8000/28561 (28%)
[P3] iter 54 state 10000/28561 (35%)
[P3] iter 54 state 12000/28561 (42%)
[P3] iter 54 state 14000/28561 (49%)
[P3] iter 54 state 16000/28561 (56%)
[P3] iter 54 state 18000/28561 (63%)
[P3] iter 54 state 20000/28561 (70%)
[P3] iter 54 state 22000/28561 (77%)
[P3] iter 54 state 24000/28561 (84%)
[P3] iter 54 state 26000/28561 (91%)
[P3] iter 54 state 28000/28561 (98%)
[P3] iter 54 state 28560/28561 (100%)
[P3] iter 54 done: span=0.818717 pi~4.0441 
[P3] iter 55 state 2000/28561 (7%)
[P3] iter 55 state 4000/28561 (14%)
[P3] iter 55 state 6000/28561 (21%)
[P3] iter 55 state 8000/28561 (28%)
[P3] iter 55 state 10000/28561 (35%)
[P3] iter 55 state 12000/28561 (42%)
[P3] iter 55 state 14000/28561 (49%)
[P3] iter 55 state 16000/28561 (56%)
[P3] iter 55 state 18000/28561 (63%)
[P3] iter 55 state 20000/28561 (70%)
[P3] iter 55 state 22000/28561 (77%)
[P3] iter 55 state 24000/28561 (84%)
[P3] iter 55 state 26000/28561 (91%)
[P3] iter 55 state 28000/28561 (98%)
[P3] iter 55 state 28560/28561 (100%)
[P3] iter 55 done: span=0.818029 pi~4.0408 
[P3] iter 56 state 2000/28561 (7%)
[P3] iter 56 state 4000/28561 (14%)
[P3] iter 56 state 6000/28561 (21%)
[P3] iter 56 state 8000/28561 (28%)
[P3] iter 56 state 10000/28561 (35%)
[P3] iter 56 state 12000/28561 (42%)
[P3] iter 56 state 14000/28561 (49%)
[P3] iter 56 state 16000/28561 (56%)
[P3] iter 56 state 18000/28561 (63%)
[P3] iter 56 state 20000/28561 (70%)
[P3] iter 56 state 22000/28561 (77%)
[P3] iter 56 state 24000/28561 (84%)
[P3] iter 56 state 26000/28561 (91%)
[P3] iter 56 state 28000/28561 (98%)
[P3] iter 56 state 28560/28561 (100%)
[P3] iter 56 done: span=0.817367 pi~4.0376 
[P3] iter 57 state 2000/28561 (7%)
[P3] iter 57 state 4000/28561 (14%)
[P3] iter 57 state 6000/28561 (21%)
[P3] iter 57 state 8000/28561 (28%)
[P3] iter 57 state 10000/28561 (35%)
[P3] iter 57 state 12000/28561 (42%)
[P3] iter 57 state 14000/28561 (49%)
[P3] iter 57 state 16000/28561 (56%)
[P3] iter 57 state 18000/28561 (63%)
[P3] iter 57 state 20000/28561 (70%)
[P3] iter 57 state 22000/28561 (77%)
[P3] iter 57 state 24000/28561 (84%)
[P3] iter 57 state 26000/28561 (91%)
[P3] iter 57 state 28000/28561 (98%)
[P3] iter 57 state 28560/28561 (100%)
[P3] iter 57 done: span=0.816686 pi~4.0343 
[P3] iter 58 state 2000/28561 (7%)
[P3] iter 58 state 4000/28561 (14%)
[P3] iter 58 state 6000/28561 (21%)
[P3] iter 58 state 8000/28561 (28%)
[P3] iter 58 state 10000/28561 (35%)
[P3] iter 58 state 12000/28561 (42%)
[P3] iter 58 state 14000/28561 (49%)
[P3] iter 58 state 16000/28561 (56%)
[P3] iter 58 state 18000/28561 (63%)
[P3] iter 58 state 20000/28561 (70%)
[P3] iter 58 state 22000/28561 (77%)
[P3] iter 58 state 24000/28561 (84%)
[P3] iter 58 state 26000/28561 (91%)
[P3] iter 58 state 28000/28561 (98%)
[P3] iter 58 state 28560/28561 (100%)
[P3] iter 58 done: span=0.818579 pi~4.0323 
[P3] iter 59 state 2000/28561 (7%)
[P3] iter 59 state 4000/28561 (14%)
[P3] iter 59 state 6000/28561 (21%)
[P3] iter 59 state 8000/28561 (28%)
[P3] iter 59 state 10000/28561 (35%)
[P3] iter 59 state 12000/28561 (42%)
[P3] iter 59 state 14000/28561 (49%)
[P3] iter 59 state 16000/28561 (56%)
[P3] iter 59 state 18000/28561 (63%)
[P3] iter 59 state 20000/28561 (70%)
[P3] iter 59 state 22000/28561 (77%)
[P3] iter 59 state 24000/28561 (84%)
[P3] iter 59 state 26000/28561 (91%)
[P3] iter 59 state 28000/28561 (98%)
[P3] iter 59 state 28560/28561 (100%)
[P3] iter 59 done: span=0.817929 pi~4.0291 
[P3] iter 60 state 2000/28561 (7%)
[P3] iter 60 state 4000/28561 (14%)
[P3] iter 60 state 6000/28561 (21%)
[P3] iter 60 state 8000/28561 (28%)
[P3] iter 60 state 10000/28561 (35%)
[P3] iter 60 state 12000/28561 (42%)
[P3] iter 60 state 14000/28561 (49%)
[P3] iter 60 state 16000/28561 (56%)
[P3] iter 60 state 18000/28561 (63%)
[P3] iter 60 state 20000/28561 (70%)
[P3] iter 60 state 22000/28561 (77%)
[P3] iter 60 state 24000/28561 (84%)
[P3] iter 60 state 26000/28561 (91%)
[P3] iter 60 state 28000/28561 (98%)
[P3] iter 60 state 28560/28561 (100%)
[P3] iter 60 done: span=0.813317 pi~4.0279 
[P3] iter 61 state 2000/28561 (7%)
[P3] iter 61 state 4000/28561 (14%)
[P3] iter 61 state 6000/28561 (21%)
[P3] iter 61 state 8000/28561 (28%)
[P3] iter 61 state 10000/28561 (35%)
[P3] iter 61 state 12000/28561 (42%)
[P3] iter 61 state 14000/28561 (49%)
[P3] iter 61 state 16000/28561 (56%)
[P3] iter 61 state 18000/28561 (63%)
[P3] iter 61 state 20000/28561 (70%)
[P3] iter 61 state 22000/28561 (77%)
[P3] iter 61 state 24000/28561 (84%)
[P3] iter 61 state 26000/28561 (91%)
[P3] iter 61 state 28000/28561 (98%)
[P3] iter 61 state 28560/28561 (100%)
[P3] iter 61 done: span=0.812258 pi~4.0250 
[P3] iter 62 state 2000/28561 (7%)
[P3] iter 62 state 4000/28561 (14%)
[P3] iter 62 state 6000/28561 (21%)
[P3] iter 62 state 8000/28561 (28%)
[P3] iter 62 state 10000/28561 (35%)
[P3] iter 62 state 12000/28561 (42%)
[P3] iter 62 state 14000/28561 (49%)
[P3] iter 62 state 16000/28561 (56%)
[P3] iter 62 state 18000/28561 (63%)
[P3] iter 62 state 20000/28561 (70%)
[P3] iter 62 state 22000/28561 (77%)
[P3] iter 62 state 24000/28561 (84%)
[P3] iter 62 state 26000/28561 (91%)
[P3] iter 62 state 28000/28561 (98%)
[P3] iter 62 state 28560/28561 (100%)
[P3] iter 62 done: span=0.811586 pi~4.0220 
[P3] iter 63 state 2000/28561 (7%)
[P3] iter 63 state 4000/28561 (14%)
[P3] iter 63 state 6000/28561 (21%)
[P3] iter 63 state 8000/28561 (28%)
[P3] iter 63 state 10000/28561 (35%)
[P3] iter 63 state 12000/28561 (42%)
[P3] iter 63 state 14000/28561 (49%)
[P3] iter 63 state 16000/28561 (56%)
[P3] iter 63 state 18000/28561 (63%)
[P3] iter 63 state 20000/28561 (70%)
[P3] iter 63 state 22000/28561 (77%)
[P3] iter 63 state 24000/28561 (84%)
[P3] iter 63 state 26000/28561 (91%)
[P3] iter 63 state 28000/28561 (98%)
[P3] iter 63 state 28560/28561 (100%)
[P3] iter 63 done: span=0.811000 pi~4.0189 
[P3] iter 64 state 2000/28561 (7%)
[P3] iter 64 state 4000/28561 (14%)
[P3] iter 64 state 6000/28561 (21%)
[P3] iter 64 state 8000/28561 (28%)
[P3] iter 64 state 10000/28561 (35%)
[P3] iter 64 state 12000/28561 (42%)
[P3] iter 64 state 14000/28561 (49%)
[P3] iter 64 state 16000/28561 (56%)
[P3] iter 64 state 18000/28561 (63%)
[P3] iter 64 state 20000/28561 (70%)
[P3] iter 64 state 22000/28561 (77%)
[P3] iter 64 state 24000/28561 (84%)
[P3] iter 64 state 26000/28561 (91%)
[P3] iter 64 state 28000/28561 (98%)
[P3] iter 64 state 28560/28561 (100%)
[P3] iter 64 done: span=0.810402 pi~4.0159 
[P3] iter 65 state 2000/28561 (7%)
[P3] iter 65 state 4000/28561 (14%)
[P3] iter 65 state 6000/28561 (21%)
[P3] iter 65 state 8000/28561 (28%)
[P3] iter 65 state 10000/28561 (35%)
[P3] iter 65 state 12000/28561 (42%)
[P3] iter 65 state 14000/28561 (49%)
[P3] iter 65 state 16000/28561 (56%)
[P3] iter 65 state 18000/28561 (63%)
[P3] iter 65 state 20000/28561 (70%)
[P3] iter 65 state 22000/28561 (77%)
[P3] iter 65 state 24000/28561 (84%)
[P3] iter 65 state 26000/28561 (91%)
[P3] iter 65 state 28000/28561 (98%)
[P3] iter 65 state 28560/28561 (100%)
[P3] iter 65 done: span=0.810139 pi~4.0130 
[P3] iter 66 state 2000/28561 (7%)
[P3] iter 66 state 4000/28561 (14%)
[P3] iter 66 state 6000/28561 (21%)
[P3] iter 66 state 8000/28561 (28%)
[P3] iter 66 state 10000/28561 (35%)
[P3] iter 66 state 12000/28561 (42%)
[P3] iter 66 state 14000/28561 (49%)
[P3] iter 66 state 16000/28561 (56%)
[P3] iter 66 state 18000/28561 (63%)
[P3] iter 66 state 20000/28561 (70%)
[P3] iter 66 state 22000/28561 (77%)
[P3] iter 66 state 24000/28561 (84%)
[P3] iter 66 state 26000/28561 (91%)
[P3] iter 66 state 28000/28561 (98%)
[P3] iter 66 state 28560/28561 (100%)
[P3] iter 66 done: span=0.809715 pi~4.0102 
[P3] iter 67 state 2000/28561 (7%)
[P3] iter 67 state 4000/28561 (14%)
[P3] iter 67 state 6000/28561 (21%)
[P3] iter 67 state 8000/28561 (28%)
[P3] iter 67 state 10000/28561 (35%)
[P3] iter 67 state 12000/28561 (42%)
[P3] iter 67 state 14000/28561 (49%)
[P3] iter 67 state 16000/28561 (56%)
[P3] iter 67 state 18000/28561 (63%)
[P3] iter 67 state 20000/28561 (70%)
[P3] iter 67 state 22000/28561 (77%)
[P3] iter 67 state 24000/28561 (84%)
[P3] iter 67 state 26000/28561 (91%)
[P3] iter 67 state 28000/28561 (98%)
[P3] iter 67 state 28560/28561 (100%)
[P3] iter 67 done: span=0.808263 pi~4.0079 
[P3] iter 68 state 2000/28561 (7%)
[P3] iter 68 state 4000/28561 (14%)
[P3] iter 68 state 6000/28561 (21%)
[P3] iter 68 state 8000/28561 (28%)
[P3] iter 68 state 10000/28561 (35%)
[P3] iter 68 state 12000/28561 (42%)
[P3] iter 68 state 14000/28561 (49%)
[P3] iter 68 state 16000/28561 (56%)
[P3] iter 68 state 18000/28561 (63%)
[P3] iter 68 state 20000/28561 (70%)
[P3] iter 68 state 22000/28561 (77%)
[P3] iter 68 state 24000/28561 (84%)
[P3] iter 68 state 26000/28561 (91%)
[P3] iter 68 state 28000/28561 (98%)
[P3] iter 68 state 28560/28561 (100%)
[P3] iter 68 done: span=0.808115 pi~4.0054 
[P3] iter 69 state 2000/28561 (7%)
[P3] iter 69 state 4000/28561 (14%)
[P3] iter 69 state 6000/28561 (21%)
[P3] iter 69 state 8000/28561 (28%)
[P3] iter 69 state 10000/28561 (35%)
[P3] iter 69 state 12000/28561 (42%)
[P3] iter 69 state 14000/28561 (49%)
[P3] iter 69 state 16000/28561 (56%)
[P3] iter 69 state 18000/28561 (63%)
[P3] iter 69 state 20000/28561 (70%)
[P3] iter 69 state 22000/28561 (77%)
[P3] iter 69 state 24000/28561 (84%)
[P3] iter 69 state 26000/28561 (91%)
[P3] iter 69 state 28000/28561 (98%)
[P3] iter 69 state 28560/28561 (100%)
[P3] iter 69 done: span=0.808959 pi~4.0034 
[P3] iter 70 state 2000/28561 (7%)
[P3] iter 70 state 4000/28561 (14%)
[P3] iter 70 state 6000/28561 (21%)
[P3] iter 70 state 8000/28561 (28%)
[P3] iter 70 state 10000/28561 (35%)
[P3] iter 70 state 12000/28561 (42%)
[P3] iter 70 state 14000/28561 (49%)
[P3] iter 70 state 16000/28561 (56%)
[P3] iter 70 state 18000/28561 (63%)
[P3] iter 70 state 20000/28561 (70%)
[P3] iter 70 state 22000/28561 (77%)
[P3] iter 70 state 24000/28561 (84%)
[P3] iter 70 state 26000/28561 (91%)
[P3] iter 70 state 28000/28561 (98%)
[P3] iter 70 state 28560/28561 (100%)
[P3] iter 70 done: span=0.808939 pi~4.0010 
[P3] iter 71 state 2000/28561 (7%)
[P3] iter 71 state 4000/28561 (14%)
[P3] iter 71 state 6000/28561 (21%)
[P3] iter 71 state 8000/28561 (28%)
[P3] iter 71 state 10000/28561 (35%)
[P3] iter 71 state 12000/28561 (42%)
[P3] iter 71 state 14000/28561 (49%)
[P3] iter 71 state 16000/28561 (56%)
[P3] iter 71 state 18000/28561 (63%)
[P3] iter 71 state 20000/28561 (70%)
[P3] iter 71 state 22000/28561 (77%)
[P3] iter 71 state 24000/28561 (84%)
[P3] iter 71 state 26000/28561 (91%)
[P3] iter 71 state 28000/28561 (98%)
[P3] iter 71 state 28560/28561 (100%)
[P3] iter 71 done: span=0.807428 pi~3.9989 
[P3] iter 72 state 2000/28561 (7%)
[P3] iter 72 state 4000/28561 (14%)
[P3] iter 72 state 6000/28561 (21%)
[P3] iter 72 state 8000/28561 (28%)
[P3] iter 72 state 10000/28561 (35%)
[P3] iter 72 state 12000/28561 (42%)
[P3] iter 72 state 14000/28561 (49%)
[P3] iter 72 state 16000/28561 (56%)
[P3] iter 72 state 18000/28561 (63%)
[P3] iter 72 state 20000/28561 (70%)
[P3] iter 72 state 22000/28561 (77%)
[P3] iter 72 state 24000/28561 (84%)
[P3] iter 72 state 26000/28561 (91%)
[P3] iter 72 state 28000/28561 (98%)
[P3] iter 72 state 28560/28561 (100%)
[P3] iter 72 done: span=0.806470 pi~3.9966 
[P3] iter 73 state 2000/28561 (7%)
[P3] iter 73 state 4000/28561 (14%)
[P3] iter 73 state 6000/28561 (21%)
[P3] iter 73 state 8000/28561 (28%)
[P3] iter 73 state 10000/28561 (35%)
[P3] iter 73 state 12000/28561 (42%)
[P3] iter 73 state 14000/28561 (49%)
[P3] iter 73 state 16000/28561 (56%)
[P3] iter 73 state 18000/28561 (63%)
[P3] iter 73 state 20000/28561 (70%)
[P3] iter 73 state 22000/28561 (77%)
[P3] iter 73 state 24000/28561 (84%)
[P3] iter 73 state 26000/28561 (91%)
[P3] iter 73 state 28000/28561 (98%)
[P3] iter 73 state 28560/28561 (100%)
[P3] iter 73 done: span=0.805904 pi~3.9940 
[P3] iter 74 state 2000/28561 (7%)
[P3] iter 74 state 4000/28561 (14%)
[P3] iter 74 state 6000/28561 (21%)
[P3] iter 74 state 8000/28561 (28%)
[P3] iter 74 state 10000/28561 (35%)
[P3] iter 74 state 12000/28561 (42%)
[P3] iter 74 state 14000/28561 (49%)
[P3] iter 74 state 16000/28561 (56%)
[P3] iter 74 state 18000/28561 (63%)
[P3] iter 74 state 20000/28561 (70%)
[P3] iter 74 state 22000/28561 (77%)
[P3] iter 74 state 24000/28561 (84%)
[P3] iter 74 state 26000/28561 (91%)
[P3] iter 74 state 28000/28561 (98%)
[P3] iter 74 state 28560/28561 (100%)
[P3] iter 74 done: span=0.804558 pi~3.9918 
[P3] iter 75 state 2000/28561 (7%)
[P3] iter 75 state 4000/28561 (14%)
[P3] iter 75 state 6000/28561 (21%)
[P3] iter 75 state 8000/28561 (28%)
[P3] iter 75 state 10000/28561 (35%)
[P3] iter 75 state 12000/28561 (42%)
[P3] iter 75 state 14000/28561 (49%)
[P3] iter 75 state 16000/28561 (56%)
[P3] iter 75 state 18000/28561 (63%)
[P3] iter 75 state 20000/28561 (70%)
[P3] iter 75 state 22000/28561 (77%)
[P3] iter 75 state 24000/28561 (84%)
[P3] iter 75 state 26000/28561 (91%)
[P3] iter 75 state 28000/28561 (98%)
[P3] iter 75 state 28560/28561 (100%)
[P3] iter 75 done: span=0.803900 pi~3.9893 
[P3] iter 76 state 2000/28561 (7%)
[P3] iter 76 state 4000/28561 (14%)
[P3] iter 76 state 6000/28561 (21%)
[P3] iter 76 state 8000/28561 (28%)
[P3] iter 76 state 10000/28561 (35%)
[P3] iter 76 state 12000/28561 (42%)
[P3] iter 76 state 14000/28561 (49%)
[P3] iter 76 state 16000/28561 (56%)
[P3] iter 76 state 18000/28561 (63%)
[P3] iter 76 state 20000/28561 (70%)
[P3] iter 76 state 22000/28561 (77%)
[P3] iter 76 state 24000/28561 (84%)
[P3] iter 76 state 26000/28561 (91%)
[P3] iter 76 state 28000/28561 (98%)
[P3] iter 76 state 28560/28561 (100%)
[P3] iter 76 done: span=0.799599 pi~3.9886 
[P3] iter 77 state 2000/28561 (7%)
[P3] iter 77 state 4000/28561 (14%)
[P3] iter 77 state 6000/28561 (21%)
[P3] iter 77 state 8000/28561 (28%)
[P3] iter 77 state 10000/28561 (35%)
[P3] iter 77 state 12000/28561 (42%)
[P3] iter 77 state 14000/28561 (49%)
[P3] iter 77 state 16000/28561 (56%)
[P3] iter 77 state 18000/28561 (63%)
[P3] iter 77 state 20000/28561 (70%)
[P3] iter 77 state 22000/28561 (77%)
[P3] iter 77 state 24000/28561 (84%)
[P3] iter 77 state 26000/28561 (91%)
[P3] iter 77 state 28000/28561 (98%)
[P3] iter 77 state 28560/28561 (100%)
[P3] iter 77 done: span=0.799085 pi~3.9860 
[P3] iter 78 state 2000/28561 (7%)
[P3] iter 78 state 4000/28561 (14%)
[P3] iter 78 state 6000/28561 (21%)
[P3] iter 78 state 8000/28561 (28%)
[P3] iter 78 state 10000/28561 (35%)
[P3] iter 78 state 12000/28561 (42%)
[P3] iter 78 state 14000/28561 (49%)
[P3] iter 78 state 16000/28561 (56%)
[P3] iter 78 state 18000/28561 (63%)
[P3] iter 78 state 20000/28561 (70%)
[P3] iter 78 state 22000/28561 (77%)
[P3] iter 78 state 24000/28561 (84%)
[P3] iter 78 state 26000/28561 (91%)
[P3] iter 78 state 28000/28561 (98%)
[P3] iter 78 state 28560/28561 (100%)
[P3] iter 78 done: span=0.798571 pi~3.9834 
[P3] iter 79 state 2000/28561 (7%)
[P3] iter 79 state 4000/28561 (14%)
[P3] iter 79 state 6000/28561 (21%)
[P3] iter 79 state 8000/28561 (28%)
[P3] iter 79 state 10000/28561 (35%)
[P3] iter 79 state 12000/28561 (42%)
[P3] iter 79 state 14000/28561 (49%)
[P3] iter 79 state 16000/28561 (56%)
[P3] iter 79 state 18000/28561 (63%)
[P3] iter 79 state 20000/28561 (70%)
[P3] iter 79 state 22000/28561 (77%)
[P3] iter 79 state 24000/28561 (84%)
[P3] iter 79 state 26000/28561 (91%)
[P3] iter 79 state 28000/28561 (98%)
[P3] iter 79 state 28560/28561 (100%)
[P3] iter 79 done: span=0.798056 pi~3.9809 
[P3] iter 80 state 2000/28561 (7%)
[P3] iter 80 state 4000/28561 (14%)
[P3] iter 80 state 6000/28561 (21%)
[P3] iter 80 state 8000/28561 (28%)
[P3] iter 80 state 10000/28561 (35%)
[P3] iter 80 state 12000/28561 (42%)
[P3] iter 80 state 14000/28561 (49%)
[P3] iter 80 state 16000/28561 (56%)
[P3] iter 80 state 18000/28561 (63%)
[P3] iter 80 state 20000/28561 (70%)
[P3] iter 80 state 22000/28561 (77%)
[P3] iter 80 state 24000/28561 (84%)
[P3] iter 80 state 26000/28561 (91%)
[P3] iter 80 state 28000/28561 (98%)
[P3] iter 80 state 28560/28561 (100%)
[P3] iter 80 done: span=0.797535 pi~3.9783 
[P3] iter 81 state 2000/28561 (7%)
[P3] iter 81 state 4000/28561 (14%)
[P3] iter 81 state 6000/28561 (21%)
[P3] iter 81 state 8000/28561 (28%)
[P3] iter 81 state 10000/28561 (35%)
[P3] iter 81 state 12000/28561 (42%)
[P3] iter 81 state 14000/28561 (49%)
[P3] iter 81 state 16000/28561 (56%)
[P3] iter 81 state 18000/28561 (63%)
[P3] iter 81 state 20000/28561 (70%)
[P3] iter 81 state 22000/28561 (77%)
[P3] iter 81 state 24000/28561 (84%)
[P3] iter 81 state 26000/28561 (91%)
[P3] iter 81 state 28000/28561 (98%)
[P3] iter 81 state 28560/28561 (100%)
[P3] iter 81 done: span=0.797006 pi~3.9758 
[P3] iter 82 state 2000/28561 (7%)
[P3] iter 82 state 4000/28561 (14%)
[P3] iter 82 state 6000/28561 (21%)
[P3] iter 82 state 8000/28561 (28%)
[P3] iter 82 state 10000/28561 (35%)
[P3] iter 82 state 12000/28561 (42%)
[P3] iter 82 state 14000/28561 (49%)
[P3] iter 82 state 16000/28561 (56%)
[P3] iter 82 state 18000/28561 (63%)
[P3] iter 82 state 20000/28561 (70%)
[P3] iter 82 state 22000/28561 (77%)
[P3] iter 82 state 24000/28561 (84%)
[P3] iter 82 state 26000/28561 (91%)
[P3] iter 82 state 28000/28561 (98%)
[P3] iter 82 state 28560/28561 (100%)
[P3] iter 82 done: span=0.796486 pi~3.9732 
[P3] iter 83 state 2000/28561 (7%)
[P3] iter 83 state 4000/28561 (14%)
[P3] iter 83 state 6000/28561 (21%)
[P3] iter 83 state 8000/28561 (28%)
[P3] iter 83 state 10000/28561 (35%)
[P3] iter 83 state 12000/28561 (42%)
[P3] iter 83 state 14000/28561 (49%)
[P3] iter 83 state 16000/28561 (56%)
[P3] iter 83 state 18000/28561 (63%)
[P3] iter 83 state 20000/28561 (70%)
[P3] iter 83 state 22000/28561 (77%)
[P3] iter 83 state 24000/28561 (84%)
[P3] iter 83 state 26000/28561 (91%)
[P3] iter 83 state 28000/28561 (98%)
[P3] iter 83 state 28560/28561 (100%)
[P3] iter 83 done: span=0.795974 pi~3.9707 
[P3] iter 84 state 2000/28561 (7%)
[P3] iter 84 state 4000/28561 (14%)
[P3] iter 84 state 6000/28561 (21%)
[P3] iter 84 state 8000/28561 (28%)
[P3] iter 84 state 10000/28561 (35%)
[P3] iter 84 state 12000/28561 (42%)
[P3] iter 84 state 14000/28561 (49%)
[P3] iter 84 state 16000/28561 (56%)
[P3] iter 84 state 18000/28561 (63%)
[P3] iter 84 state 20000/28561 (70%)
[P3] iter 84 state 22000/28561 (77%)
[P3] iter 84 state 24000/28561 (84%)
[P3] iter 84 state 26000/28561 (91%)
[P3] iter 84 state 28000/28561 (98%)
[P3] iter 84 state 28560/28561 (100%)
[P3] iter 84 done: span=0.795449 pi~3.9681 
[P3] iter 85 state 2000/28561 (7%)
[P3] iter 85 state 4000/28561 (14%)
[P3] iter 85 state 6000/28561 (21%)
[P3] iter 85 state 8000/28561 (28%)
[P3] iter 85 state 10000/28561 (35%)
[P3] iter 85 state 12000/28561 (42%)
[P3] iter 85 state 14000/28561 (49%)
[P3] iter 85 state 16000/28561 (56%)
[P3] iter 85 state 18000/28561 (63%)
[P3] iter 85 state 20000/28561 (70%)
[P3] iter 85 state 22000/28561 (77%)
[P3] iter 85 state 24000/28561 (84%)
[P3] iter 85 state 26000/28561 (91%)
[P3] iter 85 state 28000/28561 (98%)
[P3] iter 85 state 28560/28561 (100%)
[P3] iter 85 done: span=0.794935 pi~3.9656 
[P3] iter 86 state 2000/28561 (7%)
[P3] iter 86 state 4000/28561 (14%)
[P3] iter 86 state 6000/28561 (21%)
[P3] iter 86 state 8000/28561 (28%)
[P3] iter 86 state 10000/28561 (35%)
[P3] iter 86 state 12000/28561 (42%)
[P3] iter 86 state 14000/28561 (49%)
[P3] iter 86 state 16000/28561 (56%)
[P3] iter 86 state 18000/28561 (63%)
[P3] iter 86 state 20000/28561 (70%)
[P3] iter 86 state 22000/28561 (77%)
[P3] iter 86 state 24000/28561 (84%)
[P3] iter 86 state 26000/28561 (91%)
[P3] iter 86 state 28000/28561 (98%)
[P3] iter 86 state 28560/28561 (100%)
[P3] iter 86 done: span=0.794432 pi~3.9631 
[P3] iter 87 state 2000/28561 (7%)
[P3] iter 87 state 4000/28561 (14%)
[P3] iter 87 state 6000/28561 (21%)
[P3] iter 87 state 8000/28561 (28%)
[P3] iter 87 state 10000/28561 (35%)
[P3] iter 87 state 12000/28561 (42%)
[P3] iter 87 state 14000/28561 (49%)
[P3] iter 87 state 16000/28561 (56%)
[P3] iter 87 state 18000/28561 (63%)
[P3] iter 87 state 20000/28561 (70%)
[P3] iter 87 state 22000/28561 (77%)
[P3] iter 87 state 24000/28561 (84%)
[P3] iter 87 state 26000/28561 (91%)
[P3] iter 87 state 28000/28561 (98%)
[P3] iter 87 state 28560/28561 (100%)
[P3] iter 87 done: span=0.793969 pi~3.9606 
[P3] iter 88 state 2000/28561 (7%)
[P3] iter 88 state 4000/28561 (14%)
[P3] iter 88 state 6000/28561 (21%)
[P3] iter 88 state 8000/28561 (28%)
[P3] iter 88 state 10000/28561 (35%)
[P3] iter 88 state 12000/28561 (42%)
[P3] iter 88 state 14000/28561 (49%)
[P3] iter 88 state 16000/28561 (56%)
[P3] iter 88 state 18000/28561 (63%)
[P3] iter 88 state 20000/28561 (70%)
[P3] iter 88 state 22000/28561 (77%)
[P3] iter 88 state 24000/28561 (84%)
[P3] iter 88 state 26000/28561 (91%)
[P3] iter 88 state 28000/28561 (98%)
[P3] iter 88 state 28560/28561 (100%)
[P3] iter 88 done: span=0.793522 pi~3.9581 
[P3] iter 89 state 2000/28561 (7%)
[P3] iter 89 state 4000/28561 (14%)
[P3] iter 89 state 6000/28561 (21%)
[P3] iter 89 state 8000/28561 (28%)
[P3] iter 89 state 10000/28561 (35%)
[P3] iter 89 state 12000/28561 (42%)
[P3] iter 89 state 14000/28561 (49%)
[P3] iter 89 state 16000/28561 (56%)
[P3] iter 89 state 18000/28561 (63%)
[P3] iter 89 state 20000/28561 (70%)
[P3] iter 89 state 22000/28561 (77%)
[P3] iter 89 state 24000/28561 (84%)
[P3] iter 89 state 26000/28561 (91%)
[P3] iter 89 state 28000/28561 (98%)
[P3] iter 89 state 28560/28561 (100%)
[P3] iter 89 done: span=0.793053 pi~3.9556 
[P3] iter 90 state 2000/28561 (7%)
[P3] iter 90 state 4000/28561 (14%)
[P3] iter 90 state 6000/28561 (21%)
[P3] iter 90 state 8000/28561 (28%)
[P3] iter 90 state 10000/28561 (35%)
[P3] iter 90 state 12000/28561 (42%)
[P3] iter 90 state 14000/28561 (49%)
[P3] iter 90 state 16000/28561 (56%)
[P3] iter 90 state 18000/28561 (63%)
[P3] iter 90 state 20000/28561 (70%)
[P3] iter 90 state 22000/28561 (77%)
[P3] iter 90 state 24000/28561 (84%)
[P3] iter 90 state 26000/28561 (91%)
[P3] iter 90 state 28000/28561 (98%)
[P3] iter 90 state 28560/28561 (100%)
[P3] iter 90 done: span=0.792922 pi~3.9534 
[P3] iter 91 state 2000/28561 (7%)
[P3] iter 91 state 4000/28561 (14%)
[P3] iter 91 state 6000/28561 (21%)
[P3] iter 91 state 8000/28561 (28%)
[P3] iter 91 state 10000/28561 (35%)
[P3] iter 91 state 12000/28561 (42%)
[P3] iter 91 state 14000/28561 (49%)
[P3] iter 91 state 16000/28561 (56%)
[P3] iter 91 state 18000/28561 (63%)
[P3] iter 91 state 20000/28561 (70%)
[P3] iter 91 state 22000/28561 (77%)
[P3] iter 91 state 24000/28561 (84%)
[P3] iter 91 state 26000/28561 (91%)
[P3] iter 91 state 28000/28561 (98%)
[P3] iter 91 state 28560/28561 (100%)
[P3] iter 91 done: span=0.793055 pi~3.9513 
[P3] iter 92 state 2000/28561 (7%)
[P3] iter 92 state 4000/28561 (14%)
[P3] iter 92 state 6000/28561 (21%)
[P3] iter 92 state 8000/28561 (28%)
[P3] iter 92 state 10000/28561 (35%)
[P3] iter 92 state 12000/28561 (42%)
[P3] iter 92 state 14000/28561 (49%)
[P3] iter 92 state 16000/28561 (56%)
[P3] iter 92 state 18000/28561 (63%)
[P3] iter 92 state 20000/28561 (70%)
[P3] iter 92 state 22000/28561 (77%)
[P3] iter 92 state 24000/28561 (84%)
[P3] iter 92 state 26000/28561 (91%)
[P3] iter 92 state 28000/28561 (98%)
[P3] iter 92 state 28560/28561 (100%)
[P3] iter 92 done: span=0.794122 pi~3.9497 
[P3] iter 93 state 2000/28561 (7%)
[P3] iter 93 state 4000/28561 (14%)
[P3] iter 93 state 6000/28561 (21%)
[P3] iter 93 state 8000/28561 (28%)
[P3] iter 93 state 10000/28561 (35%)
[P3] iter 93 state 12000/28561 (42%)
[P3] iter 93 state 14000/28561 (49%)
[P3] iter 93 state 16000/28561 (56%)
[P3] iter 93 state 18000/28561 (63%)
[P3] iter 93 state 20000/28561 (70%)
[P3] iter 93 state 22000/28561 (77%)
[P3] iter 93 state 24000/28561 (84%)
[P3] iter 93 state 26000/28561 (91%)
[P3] iter 93 state 28000/28561 (98%)
[P3] iter 93 state 28560/28561 (100%)
[P3] iter 93 done: span=0.794126 pi~3.9479 
[P3] iter 94 state 2000/28561 (7%)
[P3] iter 94 state 4000/28561 (14%)
[P3] iter 94 state 6000/28561 (21%)
[P3] iter 94 state 8000/28561 (28%)
[P3] iter 94 state 10000/28561 (35%)
[P3] iter 94 state 12000/28561 (42%)
[P3] iter 94 state 14000/28561 (49%)
[P3] iter 94 state 16000/28561 (56%)
[P3] iter 94 state 18000/28561 (63%)
[P3] iter 94 state 20000/28561 (70%)
[P3] iter 94 state 22000/28561 (77%)
[P3] iter 94 state 24000/28561 (84%)
[P3] iter 94 state 26000/28561 (91%)
[P3] iter 94 state 28000/28561 (98%)
[P3] iter 94 state 28560/28561 (100%)
[P3] iter 94 done: span=0.793794 pi~3.9460 
[P3] iter 95 state 2000/28561 (7%)
[P3] iter 95 state 4000/28561 (14%)
[P3] iter 95 state 6000/28561 (21%)
[P3] iter 95 state 8000/28561 (28%)
[P3] iter 95 state 10000/28561 (35%)
[P3] iter 95 state 12000/28561 (42%)
[P3] iter 95 state 14000/28561 (49%)
[P3] iter 95 state 16000/28561 (56%)
[P3] iter 95 state 18000/28561 (63%)
[P3] iter 95 state 20000/28561 (70%)
[P3] iter 95 state 22000/28561 (77%)
[P3] iter 95 state 24000/28561 (84%)
[P3] iter 95 state 26000/28561 (91%)
[P3] iter 95 state 28000/28561 (98%)
[P3] iter 95 state 28560/28561 (100%)
[P3] iter 95 done: span=0.791603 pi~3.9458 
[P3] iter 96 state 2000/28561 (7%)
[P3] iter 96 state 4000/28561 (14%)
[P3] iter 96 state 6000/28561 (21%)
[P3] iter 96 state 8000/28561 (28%)
[P3] iter 96 state 10000/28561 (35%)
[P3] iter 96 state 12000/28561 (42%)
[P3] iter 96 state 14000/28561 (49%)
[P3] iter 96 state 16000/28561 (56%)
[P3] iter 96 state 18000/28561 (63%)
[P3] iter 96 state 20000/28561 (70%)
[P3] iter 96 state 22000/28561 (77%)
[P3] iter 96 state 24000/28561 (84%)
[P3] iter 96 state 26000/28561 (91%)
[P3] iter 96 state 28000/28561 (98%)
[P3] iter 96 state 28560/28561 (100%)
[P3] iter 96 done: span=0.790691 pi~3.9445 
[P3] iter 97 state 2000/28561 (7%)
[P3] iter 97 state 4000/28561 (14%)
[P3] iter 97 state 6000/28561 (21%)
[P3] iter 97 state 8000/28561 (28%)
[P3] iter 97 state 10000/28561 (35%)
[P3] iter 97 state 12000/28561 (42%)
[P3] iter 97 state 14000/28561 (49%)
[P3] iter 97 state 16000/28561 (56%)
[P3] iter 97 state 18000/28561 (63%)
[P3] iter 97 state 20000/28561 (70%)
[P3] iter 97 state 22000/28561 (77%)
[P3] iter 97 state 24000/28561 (84%)
[P3] iter 97 state 26000/28561 (91%)
[P3] iter 97 state 28000/28561 (98%)
[P3] iter 97 state 28560/28561 (100%)
[P3] iter 97 done: span=0.788413 pi~3.9437 
[P3] iter 98 state 2000/28561 (7%)
[P3] iter 98 state 4000/28561 (14%)
[P3] iter 98 state 6000/28561 (21%)
[P3] iter 98 state 8000/28561 (28%)
[P3] iter 98 state 10000/28561 (35%)
[P3] iter 98 state 12000/28561 (42%)
[P3] iter 98 state 14000/28561 (49%)
[P3] iter 98 state 16000/28561 (56%)
[P3] iter 98 state 18000/28561 (63%)
[P3] iter 98 state 20000/28561 (70%)
[P3] iter 98 state 22000/28561 (77%)
[P3] iter 98 state 24000/28561 (84%)
[P3] iter 98 state 26000/28561 (91%)
[P3] iter 98 state 28000/28561 (98%)
[P3] iter 98 state 28560/28561 (100%)
[P3] iter 98 done: span=0.788264 pi~3.9424 
[P3] iter 99 state 2000/28561 (7%)
[P3] iter 99 state 4000/28561 (14%)
[P3] iter 99 state 6000/28561 (21%)
[P3] iter 99 state 8000/28561 (28%)
[P3] iter 99 state 10000/28561 (35%)
[P3] iter 99 state 12000/28561 (42%)
[P3] iter 99 state 14000/28561 (49%)
[P3] iter 99 state 16000/28561 (56%)
[P3] iter 99 state 18000/28561 (63%)
[P3] iter 99 state 20000/28561 (70%)
[P3] iter 99 state 22000/28561 (77%)
[P3] iter 99 state 24000/28561 (84%)
[P3] iter 99 state 26000/28561 (91%)
[P3] iter 99 state 28000/28561 (98%)
[P3] iter 99 state 28560/28561 (100%)
[P3] iter 99 done: span=0.785110 pi~3.9422 
[P3] iter 100 state 2000/28561 (7%)
[P3] iter 100 state 4000/28561 (14%)
[P3] iter 100 state 6000/28561 (21%)
[P3] iter 100 state 8000/28561 (28%)
[P3] iter 100 state 10000/28561 (35%)
[P3] iter 100 state 12000/28561 (42%)
[P3] iter 100 state 14000/28561 (49%)
[P3] iter 100 state 16000/28561 (56%)
[P3] iter 100 state 18000/28561 (63%)
[P3] iter 100 state 20000/28561 (70%)
[P3] iter 100 state 22000/28561 (77%)
[P3] iter 100 state 24000/28561 (84%)
[P3] iter 100 state 26000/28561 (91%)
[P3] iter 100 state 28000/28561 (98%)
[P3] iter 100 state 28560/28561 (100%)
[P3] iter 100 done: span=0.783106 pi~3.9414 
P3: mu_a=6 mu_b=6 Qa=13 Qb=13 N=28561
  iter=100 pi=3.9414 time=172032.25s -> results/P3_result.txt

=== P4 (N=38416) ===
[P4] init 2000/38416
[P4] init 4000/38416
[P4] init 6000/38416
[P4] init 8000/38416
[P4] init 10000/38416
[P4] init 12000/38416
[P4] init 14000/38416
[P4] init 16000/38416
[P4] init 18000/38416
[P4] init 20000/38416
[P4] init 22000/38416
[P4] init 24000/38416
[P4] init 26000/38416
[P4] init 28000/38416
[P4] init 30000/38416
[P4] init 32000/38416
[P4] init 34000/38416
[P4] init 36000/38416
[P4] init 38000/38416
[P4] iter 1 state 2000/38416 (5%)
[P4] iter 1 state 4000/38416 (10%)
[P4] iter 1 state 6000/38416 (16%)
[P4] iter 1 state 8000/38416 (21%)
[P4] iter 1 state 10000/38416 (26%)
[P4] iter 1 state 12000/38416 (31%)
[P4] iter 1 state 14000/38416 (36%)
[P4] iter 1 state 16000/38416 (42%)
[P4] iter 1 state 18000/38416 (47%)
[P4] iter 1 state 20000/38416 (52%)
[P4] iter 1 state 22000/38416 (57%)
[P4] iter 1 state 24000/38416 (62%)
[P4] iter 1 state 26000/38416 (68%)
[P4] iter 1 state 28000/38416 (73%)
[P4] iter 1 state 30000/38416 (78%)
[P4] iter 1 state 32000/38416 (83%)
[P4] iter 1 state 34000/38416 (89%)
[P4] iter 1 state 36000/38416 (94%)
[P4] iter 1 state 38000/38416 (99%)
[P4] iter 1 state 38415/38416 (100%)
[P4] iter 1 done: span=11.205191 pi~8.2603 
[P4] iter 2 state 2000/38416 (5%)
[P4] iter 2 state 4000/38416 (10%)
[P4] iter 2 state 6000/38416 (16%)
[P4] iter 2 state 8000/38416 (21%)
[P4] iter 2 state 10000/38416 (26%)
[P4] iter 2 state 12000/38416 (31%)
[P4] iter 2 state 14000/38416 (36%)
[P4] iter 2 state 16000/38416 (42%)
[P4] iter 2 state 18000/38416 (47%)
[P4] iter 2 state 20000/38416 (52%)
[P4] iter 2 state 22000/38416 (57%)
[P4] iter 2 state 24000/38416 (62%)
[P4] iter 2 state 26000/38416 (68%)
[P4] iter 2 state 28000/38416 (73%)
[P4] iter 2 state 30000/38416 (78%)
[P4] iter 2 state 32000/38416 (83%)
[P4] iter 2 state 34000/38416 (89%)
[P4] iter 2 state 36000/38416 (94%)
[P4] iter 2 state 38000/38416 (99%)
[P4] iter 2 state 38415/38416 (100%)
[P4] iter 2 done: span=2.890899 pi~4.9631 
[P4] iter 3 state 2000/38416 (5%)
[P4] iter 3 state 4000/38416 (10%)
[P4] iter 3 state 6000/38416 (16%)
[P4] iter 3 state 8000/38416 (21%)
[P4] iter 3 state 10000/38416 (26%)
[P4] iter 3 state 12000/38416 (31%)
[P4] iter 3 state 14000/38416 (36%)
[P4] iter 3 state 16000/38416 (42%)
[P4] iter 3 state 18000/38416 (47%)
[P4] iter 3 state 20000/38416 (52%)
[P4] iter 3 state 22000/38416 (57%)
[P4] iter 3 state 24000/38416 (62%)
[P4] iter 3 state 26000/38416 (68%)
[P4] iter 3 state 28000/38416 (73%)
[P4] iter 3 state 30000/38416 (78%)
[P4] iter 3 state 32000/38416 (83%)
[P4] iter 3 state 34000/38416 (89%)
[P4] iter 3 state 36000/38416 (94%)
[P4] iter 3 state 38000/38416 (99%)
[P4] iter 3 state 38415/38416 (100%)
[P4] iter 3 done: span=1.483965 pi~5.4991 
[P4] iter 4 state 2000/38416 (5%)
[P4] iter 4 state 4000/38416 (10%)
[P4] iter 4 state 6000/38416 (16%)
[P4] iter 4 state 8000/38416 (21%)
[P4] iter 4 state 10000/38416 (26%)
[P4] iter 4 state 12000/38416 (31%)
[P4] iter 4 state 14000/38416 (36%)
[P4] iter 4 state 16000/38416 (42%)
[P4] iter 4 state 18000/38416 (47%)
[P4] iter 4 state 20000/38416 (52%)
[P4] iter 4 state 22000/38416 (57%)
[P4] iter 4 state 24000/38416 (62%)
[P4] iter 4 state 26000/38416 (68%)
[P4] iter 4 state 28000/38416 (73%)
[P4] iter 4 state 30000/38416 (78%)
[P4] iter 4 state 32000/38416 (83%)
[P4] iter 4 state 34000/38416 (89%)
[P4] iter 4 state 36000/38416 (94%)
[P4] iter 4 state 38000/38416 (99%)
[P4] iter 4 state 38415/38416 (100%)
[P4] iter 4 done: span=1.276945 pi~5.3533 
[P4] iter 5 state 2000/38416 (5%)
[P4] iter 5 state 4000/38416 (10%)
[P4] iter 5 state 6000/38416 (16%)
[P4] iter 5 state 8000/38416 (21%)
[P4] iter 5 state 10000/38416 (26%)
[P4] iter 5 state 12000/38416 (31%)
[P4] iter 5 state 14000/38416 (36%)
[P4] iter 5 state 16000/38416 (42%)
[P4] iter 5 state 18000/38416 (47%)
[P4] iter 5 state 20000/38416 (52%)
[P4] iter 5 state 22000/38416 (57%)
[P4] iter 5 state 24000/38416 (62%)
[P4] iter 5 state 26000/38416 (68%)
[P4] iter 5 state 28000/38416 (73%)
[P4] iter 5 state 30000/38416 (78%)
[P4] iter 5 state 32000/38416 (83%)
[P4] iter 5 state 34000/38416 (89%)
[P4] iter 5 state 36000/38416 (94%)
[P4] iter 5 state 38000/38416 (99%)
[P4] iter 5 state 38415/38416 (100%)
[P4] iter 5 done: span=1.288095 pi~5.2524 
[P4] iter 6 state 2000/38416 (5%)
[P4] iter 6 state 4000/38416 (10%)
[P4] iter 6 state 6000/38416 (16%)
[P4] iter 6 state 8000/38416 (21%)
[P4] iter 6 state 10000/38416 (26%)
[P4] iter 6 state 12000/38416 (31%)
[P4] iter 6 state 14000/38416 (36%)
[P4] iter 6 state 16000/38416 (42%)
[P4] iter 6 state 18000/38416 (47%)
[P4] iter 6 state 20000/38416 (52%)
[P4] iter 6 state 22000/38416 (57%)
[P4] iter 6 state 24000/38416 (62%)
[P4] iter 6 state 26000/38416 (68%)
[P4] iter 6 state 28000/38416 (73%)
[P4] iter 6 state 30000/38416 (78%)
[P4] iter 6 state 32000/38416 (83%)
[P4] iter 6 state 34000/38416 (89%)
[P4] iter 6 state 36000/38416 (94%)
[P4] iter 6 state 38000/38416 (99%)
[P4] iter 6 state 38415/38416 (100%)
[P4] iter 6 done: span=1.181972 pi~5.2983 
[P4] iter 7 state 2000/38416 (5%)
[P4] iter 7 state 4000/38416 (10%)
[P4] iter 7 state 6000/38416 (16%)
[P4] iter 7 state 8000/38416 (21%)
[P4] iter 7 state 10000/38416 (26%)
[P4] iter 7 state 12000/38416 (31%)
[P4] iter 7 state 14000/38416 (36%)
[P4] iter 7 state 16000/38416 (42%)
[P4] iter 7 state 18000/38416 (47%)
[P4] iter 7 state 20000/38416 (52%)
[P4] iter 7 state 22000/38416 (57%)
[P4] iter 7 state 24000/38416 (62%)
[P4] iter 7 state 26000/38416 (68%)
[P4] iter 7 state 28000/38416 (73%)
[P4] iter 7 state 30000/38416 (78%)
[P4] iter 7 state 32000/38416 (83%)
[P4] iter 7 state 34000/38416 (89%)
[P4] iter 7 state 36000/38416 (94%)
[P4] iter 7 state 38000/38416 (99%)
[P4] iter 7 state 38415/38416 (100%)
[P4] iter 7 done: span=1.154311 pi~5.2430 
[P4] iter 8 state 2000/38416 (5%)
[P4] iter 8 state 4000/38416 (10%)
[P4] iter 8 state 6000/38416 (16%)
[P4] iter 8 state 8000/38416 (21%)
[P4] iter 8 state 10000/38416 (26%)
[P4] iter 8 state 12000/38416 (31%)
[P4] iter 8 state 14000/38416 (36%)
[P4] iter 8 state 16000/38416 (42%)
[P4] iter 8 state 18000/38416 (47%)
[P4] iter 8 state 20000/38416 (52%)
[P4] iter 8 state 22000/38416 (57%)
[P4] iter 8 state 24000/38416 (62%)
[P4] iter 8 state 26000/38416 (68%)
[P4] iter 8 state 28000/38416 (73%)
[P4] iter 8 state 30000/38416 (78%)
[P4] iter 8 state 32000/38416 (83%)
[P4] iter 8 state 34000/38416 (89%)
[P4] iter 8 state 36000/38416 (94%)
[P4] iter 8 state 38000/38416 (99%)
[P4] iter 8 state 38415/38416 (100%)
[P4] iter 8 done: span=1.161207 pi~5.2113 
[P4] iter 9 state 2000/38416 (5%)
[P4] iter 9 state 4000/38416 (10%)
[P4] iter 9 state 6000/38416 (16%)
[P4] iter 9 state 8000/38416 (21%)
[P4] iter 9 state 10000/38416 (26%)
[P4] iter 9 state 12000/38416 (31%)
[P4] iter 9 state 14000/38416 (36%)
[P4] iter 9 state 16000/38416 (42%)
[P4] iter 9 state 18000/38416 (47%)
[P4] iter 9 state 20000/38416 (52%)
[P4] iter 9 state 22000/38416 (57%)
[P4] iter 9 state 24000/38416 (62%)
[P4] iter 9 state 26000/38416 (68%)
[P4] iter 9 state 28000/38416 (73%)
[P4] iter 9 state 30000/38416 (78%)
[P4] iter 9 state 32000/38416 (83%)
[P4] iter 9 state 34000/38416 (89%)
[P4] iter 9 state 36000/38416 (94%)
[P4] iter 9 state 38000/38416 (99%)
[P4] iter 9 state 38415/38416 (100%)
[P4] iter 9 done: span=1.150354 pi~5.2019 
[P4] iter 10 state 2000/38416 (5%)
[P4] iter 10 state 4000/38416 (10%)
[P4] iter 10 state 6000/38416 (16%)
[P4] iter 10 state 8000/38416 (21%)
[P4] iter 10 state 10000/38416 (26%)
[P4] iter 10 state 12000/38416 (31%)
[P4] iter 10 state 14000/38416 (36%)
[P4] iter 10 state 16000/38416 (42%)
[P4] iter 10 state 18000/38416 (47%)
[P4] iter 10 state 20000/38416 (52%)
[P4] iter 10 state 22000/38416 (57%)
[P4] iter 10 state 24000/38416 (62%)
[P4] iter 10 state 26000/38416 (68%)
[P4] iter 10 state 28000/38416 (73%)
[P4] iter 10 state 30000/38416 (78%)
[P4] iter 10 state 32000/38416 (83%)
[P4] iter 10 state 34000/38416 (89%)
[P4] iter 10 state 36000/38416 (94%)
[P4] iter 10 state 38000/38416 (99%)
[P4] iter 10 state 38415/38416 (100%)
[P4] iter 10 done: span=1.155692 pi~5.1780 
[P4] iter 11 state 2000/38416 (5%)
[P4] iter 11 state 4000/38416 (10%)
[P4] iter 11 state 6000/38416 (16%)
[P4] iter 11 state 8000/38416 (21%)
[P4] iter 11 state 10000/38416 (26%)
[P4] iter 11 state 12000/38416 (31%)
[P4] iter 11 state 14000/38416 (36%)
[P4] iter 11 state 16000/38416 (42%)
[P4] iter 11 state 18000/38416 (47%)
[P4] iter 11 state 20000/38416 (52%)
[P4] iter 11 state 22000/38416 (57%)
[P4] iter 11 state 24000/38416 (62%)
[P4] iter 11 state 26000/38416 (68%)
[P4] iter 11 state 28000/38416 (73%)
[P4] iter 11 state 30000/38416 (78%)
[P4] iter 11 state 32000/38416 (83%)
[P4] iter 11 state 34000/38416 (89%)
[P4] iter 11 state 36000/38416 (94%)
[P4] iter 11 state 38000/38416 (99%)
[P4] iter 11 state 38415/38416 (100%)
[P4] iter 11 done: span=1.156889 pi~5.1593 
[P4] iter 12 state 2000/38416 (5%)
[P4] iter 12 state 4000/38416 (10%)
[P4] iter 12 state 6000/38416 (16%)
[P4] iter 12 state 8000/38416 (21%)
[P4] iter 12 state 10000/38416 (26%)
[P4] iter 12 state 12000/38416 (31%)
[P4] iter 12 state 14000/38416 (36%)
[P4] iter 12 state 16000/38416 (42%)
[P4] iter 12 state 18000/38416 (47%)
[P4] iter 12 state 20000/38416 (52%)
[P4] iter 12 state 22000/38416 (57%)
[P4] iter 12 state 24000/38416 (62%)
[P4] iter 12 state 26000/38416 (68%)
[P4] iter 12 state 28000/38416 (73%)
[P4] iter 12 state 30000/38416 (78%)
[P4] iter 12 state 32000/38416 (83%)
[P4] iter 12 state 34000/38416 (89%)
[P4] iter 12 state 36000/38416 (94%)
[P4] iter 12 state 38000/38416 (99%)
[P4] iter 12 state 38415/38416 (100%)
[P4] iter 12 done: span=1.152690 pi~5.1436 
[P4] iter 13 state 2000/38416 (5%)
[P4] iter 13 state 4000/38416 (10%)
[P4] iter 13 state 6000/38416 (16%)
[P4] iter 13 state 8000/38416 (21%)
[P4] iter 13 state 10000/38416 (26%)
[P4] iter 13 state 12000/38416 (31%)
[P4] iter 13 state 14000/38416 (36%)
[P4] iter 13 state 16000/38416 (42%)
[P4] iter 13 state 18000/38416 (47%)
[P4] iter 13 state 20000/38416 (52%)
[P4] iter 13 state 22000/38416 (57%)
[P4] iter 13 state 24000/38416 (62%)
[P4] iter 13 state 26000/38416 (68%)
[P4] iter 13 state 28000/38416 (73%)
[P4] iter 13 state 30000/38416 (78%)
[P4] iter 13 state 32000/38416 (83%)
[P4] iter 13 state 34000/38416 (89%)
[P4] iter 13 state 36000/38416 (94%)
[P4] iter 13 state 38000/38416 (99%)
[P4] iter 13 state 38415/38416 (100%)
[P4] iter 13 done: span=1.145256 pi~5.1263 
[P4] iter 14 state 2000/38416 (5%)
[P4] iter 14 state 4000/38416 (10%)
[P4] iter 14 state 6000/38416 (16%)
[P4] iter 14 state 8000/38416 (21%)
[P4] iter 14 state 10000/38416 (26%)
[P4] iter 14 state 12000/38416 (31%)
[P4] iter 14 state 14000/38416 (36%)
[P4] iter 14 state 16000/38416 (42%)
[P4] iter 14 state 18000/38416 (47%)
[P4] iter 14 state 20000/38416 (52%)
[P4] iter 14 state 22000/38416 (57%)
[P4] iter 14 state 24000/38416 (62%)
[P4] iter 14 state 26000/38416 (68%)
[P4] iter 14 state 28000/38416 (73%)
[P4] iter 14 state 30000/38416 (78%)
[P4] iter 14 state 32000/38416 (83%)
[P4] iter 14 state 34000/38416 (89%)
[P4] iter 14 state 36000/38416 (94%)
[P4] iter 14 state 38000/38416 (99%)
[P4] iter 14 state 38415/38416 (100%)
[P4] iter 14 done: span=1.137612 pi~5.1133 
[P4] iter 15 state 2000/38416 (5%)
[P4] iter 15 state 4000/38416 (10%)
[P4] iter 15 state 6000/38416 (16%)
[P4] iter 15 state 8000/38416 (21%)
[P4] iter 15 state 10000/38416 (26%)
[P4] iter 15 state 12000/38416 (31%)
[P4] iter 15 state 14000/38416 (36%)
[P4] iter 15 state 16000/38416 (42%)
[P4] iter 15 state 18000/38416 (47%)
[P4] iter 15 state 20000/38416 (52%)
[P4] iter 15 state 22000/38416 (57%)
[P4] iter 15 state 24000/38416 (62%)
[P4] iter 15 state 26000/38416 (68%)
[P4] iter 15 state 28000/38416 (73%)
[P4] iter 15 state 30000/38416 (78%)
[P4] iter 15 state 32000/38416 (83%)
[P4] iter 15 state 34000/38416 (89%)
[P4] iter 15 state 36000/38416 (94%)
[P4] iter 15 state 38000/38416 (99%)
[P4] iter 15 state 38415/38416 (100%)
[P4] iter 15 done: span=1.134877 pi~5.1069 
[P4] iter 16 state 2000/38416 (5%)
[P4] iter 16 state 4000/38416 (10%)
[P4] iter 16 state 6000/38416 (16%)
[P4] iter 16 state 8000/38416 (21%)
[P4] iter 16 state 10000/38416 (26%)
[P4] iter 16 state 12000/38416 (31%)
[P4] iter 16 state 14000/38416 (36%)
[P4] iter 16 state 16000/38416 (42%)
[P4] iter 16 state 18000/38416 (47%)
[P4] iter 16 state 20000/38416 (52%)
[P4] iter 16 state 22000/38416 (57%)
[P4] iter 16 state 24000/38416 (62%)
[P4] iter 16 state 26000/38416 (68%)
[P4] iter 16 state 28000/38416 (73%)
[P4] iter 16 state 30000/38416 (78%)
[P4] iter 16 state 32000/38416 (83%)
[P4] iter 16 state 34000/38416 (89%)
[P4] iter 16 state 36000/38416 (94%)
[P4] iter 16 state 38000/38416 (99%)
[P4] iter 16 state 38415/38416 (100%)
[P4] iter 16 done: span=1.139194 pi~5.0956 
[P4] iter 17 state 2000/38416 (5%)
[P4] iter 17 state 4000/38416 (10%)
[P4] iter 17 state 6000/38416 (16%)
[P4] iter 17 state 8000/38416 (21%)
[P4] iter 17 state 10000/38416 (26%)
[P4] iter 17 state 12000/38416 (31%)
[P4] iter 17 state 14000/38416 (36%)
[P4] iter 17 state 16000/38416 (42%)
[P4] iter 17 state 18000/38416 (47%)
[P4] iter 17 state 20000/38416 (52%)
[P4] iter 17 state 22000/38416 (57%)
[P4] iter 17 state 24000/38416 (62%)
[P4] iter 17 state 26000/38416 (68%)
[P4] iter 17 state 28000/38416 (73%)
[P4] iter 17 state 30000/38416 (78%)
[P4] iter 17 state 32000/38416 (83%)
[P4] iter 17 state 34000/38416 (89%)
[P4] iter 17 state 36000/38416 (94%)
[P4] iter 17 state 38000/38416 (99%)
[P4] iter 17 state 38415/38416 (100%)
[P4] iter 17 done: span=1.134523 pi~5.0837 
[P4] iter 18 state 2000/38416 (5%)
[P4] iter 18 state 4000/38416 (10%)
[P4] iter 18 state 6000/38416 (16%)
[P4] iter 18 state 8000/38416 (21%)
[P4] iter 18 state 10000/38416 (26%)
[P4] iter 18 state 12000/38416 (31%)
[P4] iter 18 state 14000/38416 (36%)
[P4] iter 18 state 16000/38416 (42%)
[P4] iter 18 state 18000/38416 (47%)
[P4] iter 18 state 20000/38416 (52%)
[P4] iter 18 state 22000/38416 (57%)
[P4] iter 18 state 24000/38416 (62%)
[P4] iter 18 state 26000/38416 (68%)
[P4] iter 18 state 28000/38416 (73%)
[P4] iter 18 state 30000/38416 (78%)
[P4] iter 18 state 32000/38416 (83%)
[P4] iter 18 state 34000/38416 (89%)
[P4] iter 18 state 36000/38416 (94%)
[P4] iter 18 state 38000/38416 (99%)
[P4] iter 18 state 38415/38416 (100%)
[P4] iter 18 done: span=1.131564 pi~5.0748 
[P4] iter 19 state 2000/38416 (5%)
[P4] iter 19 state 4000/38416 (10%)
[P4] iter 19 state 6000/38416 (16%)
[P4] iter 19 state 8000/38416 (21%)
[P4] iter 19 state 10000/38416 (26%)
[P4] iter 19 state 12000/38416 (31%)
[P4] iter 19 state 14000/38416 (36%)
[P4] iter 19 state 16000/38416 (42%)
[P4] iter 19 state 18000/38416 (47%)
[P4] iter 19 state 20000/38416 (52%)
[P4] iter 19 state 22000/38416 (57%)
[P4] iter 19 state 24000/38416 (62%)
[P4] iter 19 state 26000/38416 (68%)
[P4] iter 19 state 28000/38416 (73%)
[P4] iter 19 state 30000/38416 (78%)
[P4] iter 19 state 32000/38416 (83%)
[P4] iter 19 state 34000/38416 (89%)
[P4] iter 19 state 36000/38416 (94%)
[P4] iter 19 state 38000/38416 (99%)
[P4] iter 19 state 38415/38416 (100%)
[P4] iter 19 done: span=1.129216 pi~5.0642 
[P4] iter 20 state 2000/38416 (5%)
[P4] iter 20 state 4000/38416 (10%)
[P4] iter 20 state 6000/38416 (16%)
[P4] iter 20 state 8000/38416 (21%)
[P4] iter 20 state 10000/38416 (26%)
[P4] iter 20 state 12000/38416 (31%)
[P4] iter 20 state 14000/38416 (36%)
[P4] iter 20 state 16000/38416 (42%)
[P4] iter 20 state 18000/38416 (47%)
[P4] iter 20 state 20000/38416 (52%)
[P4] iter 20 state 22000/38416 (57%)
[P4] iter 20 state 24000/38416 (62%)
[P4] iter 20 state 26000/38416 (68%)
[P4] iter 20 state 28000/38416 (73%)
[P4] iter 20 state 30000/38416 (78%)
[P4] iter 20 state 32000/38416 (83%)
[P4] iter 20 state 34000/38416 (89%)
[P4] iter 20 state 36000/38416 (94%)
[P4] iter 20 state 38000/38416 (99%)
[P4] iter 20 state 38415/38416 (100%)
[P4] iter 20 done: span=1.129976 pi~5.0548 
[P4] iter 21 state 2000/38416 (5%)
[P4] iter 21 state 4000/38416 (10%)
[P4] iter 21 state 6000/38416 (16%)
[P4] iter 21 state 8000/38416 (21%)
[P4] iter 21 state 10000/38416 (26%)
[P4] iter 21 state 12000/38416 (31%)
[P4] iter 21 state 14000/38416 (36%)
[P4] iter 21 state 16000/38416 (42%)
[P4] iter 21 state 18000/38416 (47%)
[P4] iter 21 state 20000/38416 (52%)
[P4] iter 21 state 22000/38416 (57%)
[P4] iter 21 state 24000/38416 (62%)
[P4] iter 21 state 26000/38416 (68%)
[P4] iter 21 state 28000/38416 (73%)
[P4] iter 21 state 30000/38416 (78%)
[P4] iter 21 state 32000/38416 (83%)
[P4] iter 21 state 34000/38416 (89%)
[P4] iter 21 state 36000/38416 (94%)
[P4] iter 21 state 38000/38416 (99%)
[P4] iter 21 state 38415/38416 (100%)
[P4] iter 21 done: span=1.124885 pi~5.0449 
[P4] iter 22 state 2000/38416 (5%)
[P4] iter 22 state 4000/38416 (10%)
[P4] iter 22 state 6000/38416 (16%)
[P4] iter 22 state 8000/38416 (21%)
[P4] iter 22 state 10000/38416 (26%)
[P4] iter 22 state 12000/38416 (31%)
[P4] iter 22 state 14000/38416 (36%)
[P4] iter 22 state 16000/38416 (42%)
[P4] iter 22 state 18000/38416 (47%)
[P4] iter 22 state 20000/38416 (52%)
[P4] iter 22 state 22000/38416 (57%)
[P4] iter 22 state 24000/38416 (62%)
[P4] iter 22 state 26000/38416 (68%)
[P4] iter 22 state 28000/38416 (73%)
[P4] iter 22 state 30000/38416 (78%)
[P4] iter 22 state 32000/38416 (83%)
[P4] iter 22 state 34000/38416 (89%)
[P4] iter 22 state 36000/38416 (94%)
[P4] iter 22 state 38000/38416 (99%)
[P4] iter 22 state 38415/38416 (100%)
[P4] iter 22 done: span=1.116650 pi~5.0397 
[P4] iter 23 state 2000/38416 (5%)
[P4] iter 23 state 4000/38416 (10%)
[P4] iter 23 state 6000/38416 (16%)
[P4] iter 23 state 8000/38416 (21%)
[P4] iter 23 state 10000/38416 (26%)
[P4] iter 23 state 12000/38416 (31%)
[P4] iter 23 state 14000/38416 (36%)
[P4] iter 23 state 16000/38416 (42%)
[P4] iter 23 state 18000/38416 (47%)
[P4] iter 23 state 20000/38416 (52%)
[P4] iter 23 state 22000/38416 (57%)
[P4] iter 23 state 24000/38416 (62%)
[P4] iter 23 state 26000/38416 (68%)
[P4] iter 23 state 28000/38416 (73%)
[P4] iter 23 state 30000/38416 (78%)
[P4] iter 23 state 32000/38416 (83%)
[P4] iter 23 state 34000/38416 (89%)
[P4] iter 23 state 36000/38416 (94%)
[P4] iter 23 state 38000/38416 (99%)
[P4] iter 23 state 38415/38416 (100%)
[P4] iter 23 done: span=1.114684 pi~5.0308 
[P4] iter 24 state 2000/38416 (5%)
[P4] iter 24 state 4000/38416 (10%)
[P4] iter 24 state 6000/38416 (16%)
[P4] iter 24 state 8000/38416 (21%)
[P4] iter 24 state 10000/38416 (26%)
[P4] iter 24 state 12000/38416 (31%)
[P4] iter 24 state 14000/38416 (36%)
[P4] iter 24 state 16000/38416 (42%)
[P4] iter 24 state 18000/38416 (47%)
[P4] iter 24 state 20000/38416 (52%)
[P4] iter 24 state 22000/38416 (57%)
[P4] iter 24 state 24000/38416 (62%)
[P4] iter 24 state 26000/38416 (68%)
[P4] iter 24 state 28000/38416 (73%)
[P4] iter 24 state 30000/38416 (78%)
[P4] iter 24 state 32000/38416 (83%)
[P4] iter 24 state 34000/38416 (89%)
[P4] iter 24 state 36000/38416 (94%)
[P4] iter 24 state 38000/38416 (99%)
[P4] iter 24 state 38415/38416 (100%)
[P4] iter 24 done: span=1.114048 pi~5.0218 
[P4] iter 25 state 2000/38416 (5%)
[P4] iter 25 state 4000/38416 (10%)
[P4] iter 25 state 6000/38416 (16%)
[P4] iter 25 state 8000/38416 (21%)
[P4] iter 25 state 10000/38416 (26%)
[P4] iter 25 state 12000/38416 (31%)
[P4] iter 25 state 14000/38416 (36%)
[P4] iter 25 state 16000/38416 (42%)
[P4] iter 25 state 18000/38416 (47%)
[P4] iter 25 state 20000/38416 (52%)
[P4] iter 25 state 22000/38416 (57%)
[P4] iter 25 state 24000/38416 (62%)
[P4] iter 25 state 26000/38416 (68%)
[P4] iter 25 state 28000/38416 (73%)
[P4] iter 25 state 30000/38416 (78%)
[P4] iter 25 state 32000/38416 (83%)
[P4] iter 25 state 34000/38416 (89%)
[P4] iter 25 state 36000/38416 (94%)
[P4] iter 25 state 38000/38416 (99%)
[P4] iter 25 state 38415/38416 (100%)
[P4] iter 25 done: span=1.096889 pi~5.0247 
[P4] iter 26 state 2000/38416 (5%)
[P4] iter 26 state 4000/38416 (10%)
[P4] iter 26 state 6000/38416 (16%)
[P4] iter 26 state 8000/38416 (21%)
[P4] iter 26 state 10000/38416 (26%)
[P4] iter 26 state 12000/38416 (31%)
[P4] iter 26 state 14000/38416 (36%)
[P4] iter 26 state 16000/38416 (42%)
[P4] iter 26 state 18000/38416 (47%)
[P4] iter 26 state 20000/38416 (52%)
[P4] iter 26 state 22000/38416 (57%)
[P4] iter 26 state 24000/38416 (62%)
[P4] iter 26 state 26000/38416 (68%)
[P4] iter 26 state 28000/38416 (73%)
[P4] iter 26 state 30000/38416 (78%)
[P4] iter 26 state 32000/38416 (83%)
[P4] iter 26 state 34000/38416 (89%)
[P4] iter 26 state 36000/38416 (94%)
[P4] iter 26 state 38000/38416 (99%)
[P4] iter 26 state 38415/38416 (100%)
[P4] iter 26 done: span=1.093461 pi~5.0171 
[P4] iter 27 state 2000/38416 (5%)
[P4] iter 27 state 4000/38416 (10%)
[P4] iter 27 state 6000/38416 (16%)
[P4] iter 27 state 8000/38416 (21%)
[P4] iter 27 state 10000/38416 (26%)
[P4] iter 27 state 12000/38416 (31%)
[P4] iter 27 state 14000/38416 (36%)
[P4] iter 27 state 16000/38416 (42%)
[P4] iter 27 state 18000/38416 (47%)
[P4] iter 27 state 20000/38416 (52%)
[P4] iter 27 state 22000/38416 (57%)
[P4] iter 27 state 24000/38416 (62%)
[P4] iter 27 state 26000/38416 (68%)
[P4] iter 27 state 28000/38416 (73%)
[P4] iter 27 state 30000/38416 (78%)
[P4] iter 27 state 32000/38416 (83%)
[P4] iter 27 state 34000/38416 (89%)
[P4] iter 27 state 36000/38416 (94%)
[P4] iter 27 state 38000/38416 (99%)
[P4] iter 27 state 38415/38416 (100%)
[P4] iter 27 done: span=1.092756 pi~5.0108 
[P4] iter 28 state 2000/38416 (5%)
[P4] iter 28 state 4000/38416 (10%)
[P4] iter 28 state 6000/38416 (16%)
[P4] iter 28 state 8000/38416 (21%)
[P4] iter 28 state 10000/38416 (26%)
[P4] iter 28 state 12000/38416 (31%)
[P4] iter 28 state 14000/38416 (36%)
[P4] iter 28 state 16000/38416 (42%)
[P4] iter 28 state 18000/38416 (47%)
[P4] iter 28 state 20000/38416 (52%)
[P4] iter 28 state 22000/38416 (57%)
[P4] iter 28 state 24000/38416 (62%)
[P4] iter 28 state 26000/38416 (68%)
[P4] iter 28 state 28000/38416 (73%)
[P4] iter 28 state 30000/38416 (78%)
[P4] iter 28 state 32000/38416 (83%)
[P4] iter 28 state 34000/38416 (89%)
[P4] iter 28 state 36000/38416 (94%)
[P4] iter 28 state 38000/38416 (99%)
[P4] iter 28 state 38415/38416 (100%)
[P4] iter 28 done: span=1.094745 pi~5.0058 
[P4] iter 29 state 2000/38416 (5%)
[P4] iter 29 state 4000/38416 (10%)
[P4] iter 29 state 6000/38416 (16%)
[P4] iter 29 state 8000/38416 (21%)
[P4] iter 29 state 10000/38416 (26%)
[P4] iter 29 state 12000/38416 (31%)
[P4] iter 29 state 14000/38416 (36%)
[P4] iter 29 state 16000/38416 (42%)
[P4] iter 29 state 18000/38416 (47%)
[P4] iter 29 state 20000/38416 (52%)
[P4] iter 29 state 22000/38416 (57%)
[P4] iter 29 state 24000/38416 (62%)
[P4] iter 29 state 26000/38416 (68%)
[P4] iter 29 state 28000/38416 (73%)
[P4] iter 29 state 30000/38416 (78%)
[P4] iter 29 state 32000/38416 (83%)
[P4] iter 29 state 34000/38416 (89%)
[P4] iter 29 state 36000/38416 (94%)
[P4] iter 29 state 38000/38416 (99%)
[P4] iter 29 state 38415/38416 (100%)
[P4] iter 29 done: span=1.090573 pi~4.9996 
[P4] iter 30 state 2000/38416 (5%)
[P4] iter 30 state 4000/38416 (10%)
[P4] iter 30 state 6000/38416 (16%)
[P4] iter 30 state 8000/38416 (21%)
[P4] iter 30 state 10000/38416 (26%)
[P4] iter 30 state 12000/38416 (31%)
[P4] iter 30 state 14000/38416 (36%)
[P4] iter 30 state 16000/38416 (42%)
[P4] iter 30 state 18000/38416 (47%)
[P4] iter 30 state 20000/38416 (52%)
[P4] iter 30 state 22000/38416 (57%)
[P4] iter 30 state 24000/38416 (62%)
[P4] iter 30 state 26000/38416 (68%)
[P4] iter 30 state 28000/38416 (73%)
[P4] iter 30 state 30000/38416 (78%)
[P4] iter 30 state 32000/38416 (83%)
[P4] iter 30 state 34000/38416 (89%)
[P4] iter 30 state 36000/38416 (94%)
[P4] iter 30 state 38000/38416 (99%)
[P4] iter 30 state 38415/38416 (100%)
[P4] iter 30 done: span=1.083064 pi~4.9954 
[P4] iter 31 state 2000/38416 (5%)
[P4] iter 31 state 4000/38416 (10%)
[P4] iter 31 state 6000/38416 (16%)
[P4] iter 31 state 8000/38416 (21%)
[P4] iter 31 state 10000/38416 (26%)
[P4] iter 31 state 12000/38416 (31%)
[P4] iter 31 state 14000/38416 (36%)
[P4] iter 31 state 16000/38416 (42%)
[P4] iter 31 state 18000/38416 (47%)
[P4] iter 31 state 20000/38416 (52%)
[P4] iter 31 state 22000/38416 (57%)
[P4] iter 31 state 24000/38416 (62%)
[P4] iter 31 state 26000/38416 (68%)
[P4] iter 31 state 28000/38416 (73%)
[P4] iter 31 state 30000/38416 (78%)
[P4] iter 31 state 32000/38416 (83%)
[P4] iter 31 state 34000/38416 (89%)
[P4] iter 31 state 36000/38416 (94%)
[P4] iter 31 state 38000/38416 (99%)
[P4] iter 31 state 38415/38416 (100%)
[P4] iter 31 done: span=1.083571 pi~4.9908 
[P4] iter 32 state 2000/38416 (5%)
[P4] iter 32 state 4000/38416 (10%)
[P4] iter 32 state 6000/38416 (16%)
[P4] iter 32 state 8000/38416 (21%)
[P4] iter 32 state 10000/38416 (26%)
[P4] iter 32 state 12000/38416 (31%)
[P4] iter 32 state 14000/38416 (36%)
[P4] iter 32 state 16000/38416 (42%)
[P4] iter 32 state 18000/38416 (47%)
[P4] iter 32 state 20000/38416 (52%)
[P4] iter 32 state 22000/38416 (57%)
[P4] iter 32 state 24000/38416 (62%)
[P4] iter 32 state 26000/38416 (68%)
[P4] iter 32 state 28000/38416 (73%)
[P4] iter 32 state 30000/38416 (78%)
[P4] iter 32 state 32000/38416 (83%)
[P4] iter 32 state 34000/38416 (89%)
[P4] iter 32 state 36000/38416 (94%)
[P4] iter 32 state 38000/38416 (99%)
[P4] iter 32 state 38415/38416 (100%)
[P4] iter 32 done: span=1.082133 pi~4.9846 
[P4] iter 33 state 2000/38416 (5%)
[P4] iter 33 state 4000/38416 (10%)
[P4] iter 33 state 6000/38416 (16%)
[P4] iter 33 state 8000/38416 (21%)
[P4] iter 33 state 10000/38416 (26%)
[P4] iter 33 state 12000/38416 (31%)
[P4] iter 33 state 14000/38416 (36%)
[P4] iter 33 state 16000/38416 (42%)
[P4] iter 33 state 18000/38416 (47%)
[P4] iter 33 state 20000/38416 (52%)
[P4] iter 33 state 22000/38416 (57%)
[P4] iter 33 state 24000/38416 (62%)
[P4] iter 33 state 26000/38416 (68%)
[P4] iter 33 state 28000/38416 (73%)
[P4] iter 33 state 30000/38416 (78%)
[P4] iter 33 state 32000/38416 (83%)
[P4] iter 33 state 34000/38416 (89%)
[P4] iter 33 state 36000/38416 (94%)
[P4] iter 33 state 38000/38416 (99%)
[P4] iter 33 state 38415/38416 (100%)
[P4] iter 33 done: span=1.080439 pi~4.9786 
[P4] iter 34 state 2000/38416 (5%)
[P4] iter 34 state 4000/38416 (10%)
[P4] iter 34 state 6000/38416 (16%)
[P4] iter 34 state 8000/38416 (21%)
[P4] iter 34 state 10000/38416 (26%)
[P4] iter 34 state 12000/38416 (31%)
[P4] iter 34 state 14000/38416 (36%)
[P4] iter 34 state 16000/38416 (42%)
[P4] iter 34 state 18000/38416 (47%)
[P4] iter 34 state 20000/38416 (52%)
[P4] iter 34 state 22000/38416 (57%)
[P4] iter 34 state 24000/38416 (62%)
[P4] iter 34 state 26000/38416 (68%)
[P4] iter 34 state 28000/38416 (73%)
[P4] iter 34 state 30000/38416 (78%)
[P4] iter 34 state 32000/38416 (83%)
[P4] iter 34 state 34000/38416 (89%)
[P4] iter 34 state 36000/38416 (94%)
[P4] iter 34 state 38000/38416 (99%)
[P4] iter 34 state 38415/38416 (100%)
[P4] iter 34 done: span=1.059642 pi~4.9826 
[P4] iter 35 state 2000/38416 (5%)
[P4] iter 35 state 4000/38416 (10%)
[P4] iter 35 state 6000/38416 (16%)
[P4] iter 35 state 8000/38416 (21%)
[P4] iter 35 state 10000/38416 (26%)
[P4] iter 35 state 12000/38416 (31%)
[P4] iter 35 state 14000/38416 (36%)
[P4] iter 35 state 16000/38416 (42%)
[P4] iter 35 state 18000/38416 (47%)
[P4] iter 35 state 20000/38416 (52%)
[P4] iter 35 state 22000/38416 (57%)
[P4] iter 35 state 24000/38416 (62%)
[P4] iter 35 state 26000/38416 (68%)
[P4] iter 35 state 28000/38416 (73%)
[P4] iter 35 state 30000/38416 (78%)
[P4] iter 35 state 32000/38416 (83%)
[P4] iter 35 state 34000/38416 (89%)
[P4] iter 35 state 36000/38416 (94%)
[P4] iter 35 state 38000/38416 (99%)
[P4] iter 35 state 38415/38416 (100%)
[P4] iter 35 done: span=1.058697 pi~4.9775 
[P4] iter 36 state 2000/38416 (5%)
[P4] iter 36 state 4000/38416 (10%)
[P4] iter 36 state 6000/38416 (16%)
[P4] iter 36 state 8000/38416 (21%)
[P4] iter 36 state 10000/38416 (26%)
[P4] iter 36 state 12000/38416 (31%)
[P4] iter 36 state 14000/38416 (36%)
[P4] iter 36 state 16000/38416 (42%)
[P4] iter 36 state 18000/38416 (47%)
[P4] iter 36 state 20000/38416 (52%)
[P4] iter 36 state 22000/38416 (57%)
[P4] iter 36 state 24000/38416 (62%)
[P4] iter 36 state 26000/38416 (68%)
[P4] iter 36 state 28000/38416 (73%)
[P4] iter 36 state 30000/38416 (78%)
[P4] iter 36 state 32000/38416 (83%)
[P4] iter 36 state 34000/38416 (89%)
[P4] iter 36 state 36000/38416 (94%)
[P4] iter 36 state 38000/38416 (99%)
[P4] iter 36 state 38415/38416 (100%)
[P4] iter 36 done: span=1.057183 pi~4.9717 
[P4] iter 37 state 2000/38416 (5%)
[P4] iter 37 state 4000/38416 (10%)
[P4] iter 37 state 6000/38416 (16%)
[P4] iter 37 state 8000/38416 (21%)
[P4] iter 37 state 10000/38416 (26%)
[P4] iter 37 state 12000/38416 (31%)
[P4] iter 37 state 14000/38416 (36%)
[P4] iter 37 state 16000/38416 (42%)
[P4] iter 37 state 18000/38416 (47%)
[P4] iter 37 state 20000/38416 (52%)
[P4] iter 37 state 22000/38416 (57%)
[P4] iter 37 state 24000/38416 (62%)
[P4] iter 37 state 26000/38416 (68%)
[P4] iter 37 state 28000/38416 (73%)
[P4] iter 37 state 30000/38416 (78%)
[P4] iter 37 state 32000/38416 (83%)
[P4] iter 37 state 34000/38416 (89%)
[P4] iter 37 state 36000/38416 (94%)
[P4] iter 37 state 38000/38416 (99%)
[P4] iter 37 state 38415/38416 (100%)
[P4] iter 37 done: span=1.055806 pi~4.9661 
[P4] iter 38 state 2000/38416 (5%)
[P4] iter 38 state 4000/38416 (10%)
[P4] iter 38 state 6000/38416 (16%)
[P4] iter 38 state 8000/38416 (21%)
[P4] iter 38 state 10000/38416 (26%)
[P4] iter 38 state 12000/38416 (31%)
[P4] iter 38 state 14000/38416 (36%)
[P4] iter 38 state 16000/38416 (42%)
[P4] iter 38 state 18000/38416 (47%)
[P4] iter 38 state 20000/38416 (52%)
[P4] iter 38 state 22000/38416 (57%)
[P4] iter 38 state 24000/38416 (62%)
[P4] iter 38 state 26000/38416 (68%)
[P4] iter 38 state 28000/38416 (73%)
[P4] iter 38 state 30000/38416 (78%)
[P4] iter 38 state 32000/38416 (83%)
[P4] iter 38 state 34000/38416 (89%)
[P4] iter 38 state 36000/38416 (94%)
[P4] iter 38 state 38000/38416 (99%)
[P4] iter 38 state 38415/38416 (100%)
[P4] iter 38 done: span=1.054246 pi~4.9603 
[P4] iter 39 state 2000/38416 (5%)
[P4] iter 39 state 4000/38416 (10%)
[P4] iter 39 state 6000/38416 (16%)
[P4] iter 39 state 8000/38416 (21%)
[P4] iter 39 state 10000/38416 (26%)
[P4] iter 39 state 12000/38416 (31%)
[P4] iter 39 state 14000/38416 (36%)
[P4] iter 39 state 16000/38416 (42%)
[P4] iter 39 state 18000/38416 (47%)
[P4] iter 39 state 20000/38416 (52%)
[P4] iter 39 state 22000/38416 (57%)
[P4] iter 39 state 24000/38416 (62%)
[P4] iter 39 state 26000/38416 (68%)
[P4] iter 39 state 28000/38416 (73%)
[P4] iter 39 state 30000/38416 (78%)
[P4] iter 39 state 32000/38416 (83%)
[P4] iter 39 state 34000/38416 (89%)
[P4] iter 39 state 36000/38416 (94%)
[P4] iter 39 state 38000/38416 (99%)
[P4] iter 39 state 38415/38416 (100%)
[P4] iter 39 done: span=1.053289 pi~4.9545 
[P4] iter 40 state 2000/38416 (5%)
[P4] iter 40 state 4000/38416 (10%)
[P4] iter 40 state 6000/38416 (16%)
[P4] iter 40 state 8000/38416 (21%)
[P4] iter 40 state 10000/38416 (26%)
[P4] iter 40 state 12000/38416 (31%)
[P4] iter 40 state 14000/38416 (36%)
[P4] iter 40 state 16000/38416 (42%)
[P4] iter 40 state 18000/38416 (47%)
[P4] iter 40 state 20000/38416 (52%)
[P4] iter 40 state 22000/38416 (57%)
[P4] iter 40 state 24000/38416 (62%)
[P4] iter 40 state 26000/38416 (68%)
[P4] iter 40 state 28000/38416 (73%)
[P4] iter 40 state 30000/38416 (78%)
[P4] iter 40 state 32000/38416 (83%)
[P4] iter 40 state 34000/38416 (89%)
[P4] iter 40 state 36000/38416 (94%)
[P4] iter 40 state 38000/38416 (99%)
[P4] iter 40 state 38415/38416 (100%)
[P4] iter 40 done: span=1.053707 pi~4.9499 
[P4] iter 41 state 2000/38416 (5%)
[P4] iter 41 state 4000/38416 (10%)
[P4] iter 41 state 6000/38416 (16%)
[P4] iter 41 state 8000/38416 (21%)
[P4] iter 41 state 10000/38416 (26%)
[P4] iter 41 state 12000/38416 (31%)
[P4] iter 41 state 14000/38416 (36%)
[P4] iter 41 state 16000/38416 (42%)
[P4] iter 41 state 18000/38416 (47%)
[P4] iter 41 state 20000/38416 (52%)
[P4] iter 41 state 22000/38416 (57%)
[P4] iter 41 state 24000/38416 (62%)
[P4] iter 41 state 26000/38416 (68%)
[P4] iter 41 state 28000/38416 (73%)
[P4] iter 41 state 30000/38416 (78%)
[P4] iter 41 state 32000/38416 (83%)
[P4] iter 41 state 34000/38416 (89%)
[P4] iter 41 state 36000/38416 (94%)
[P4] iter 41 state 38000/38416 (99%)
[P4] iter 41 state 38415/38416 (100%)
[P4] iter 41 done: span=1.053615 pi~4.9455 
[P4] iter 42 state 2000/38416 (5%)
[P4] iter 42 state 4000/38416 (10%)
[P4] iter 42 state 6000/38416 (16%)
[P4] iter 42 state 8000/38416 (21%)
[P4] iter 42 state 10000/38416 (26%)
[P4] iter 42 state 12000/38416 (31%)
[P4] iter 42 state 14000/38416 (36%)
[P4] iter 42 state 16000/38416 (42%)
[P4] iter 42 state 18000/38416 (47%)
[P4] iter 42 state 20000/38416 (52%)
[P4] iter 42 state 22000/38416 (57%)
[P4] iter 42 state 24000/38416 (62%)
[P4] iter 42 state 26000/38416 (68%)
[P4] iter 42 state 28000/38416 (73%)
[P4] iter 42 state 30000/38416 (78%)
[P4] iter 42 state 32000/38416 (83%)
[P4] iter 42 state 34000/38416 (89%)
[P4] iter 42 state 36000/38416 (94%)
[P4] iter 42 state 38000/38416 (99%)
[P4] iter 42 state 38415/38416 (100%)
[P4] iter 42 done: span=1.053440 pi~4.9412 
[P4] iter 43 state 2000/38416 (5%)
[P4] iter 43 state 4000/38416 (10%)
[P4] iter 43 state 6000/38416 (16%)
[P4] iter 43 state 8000/38416 (21%)
[P4] iter 43 state 10000/38416 (26%)
[P4] iter 43 state 12000/38416 (31%)
[P4] iter 43 state 14000/38416 (36%)
[P4] iter 43 state 16000/38416 (42%)
[P4] iter 43 state 18000/38416 (47%)
[P4] iter 43 state 20000/38416 (52%)
[P4] iter 43 state 22000/38416 (57%)
[P4] iter 43 state 24000/38416 (62%)
[P4] iter 43 state 26000/38416 (68%)
[P4] iter 43 state 28000/38416 (73%)
[P4] iter 43 state 30000/38416 (78%)
[P4] iter 43 state 32000/38416 (83%)
[P4] iter 43 state 34000/38416 (89%)
[P4] iter 43 state 36000/38416 (94%)
[P4] iter 43 state 38000/38416 (99%)
[P4] iter 43 state 38415/38416 (100%)
[P4] iter 43 done: span=1.054928 pi~4.9380 
[P4] iter 44 state 2000/38416 (5%)
[P4] iter 44 state 4000/38416 (10%)
[P4] iter 44 state 6000/38416 (16%)
[P4] iter 44 state 8000/38416 (21%)
[P4] iter 44 state 10000/38416 (26%)
[P4] iter 44 state 12000/38416 (31%)
[P4] iter 44 state 14000/38416 (36%)
[P4] iter 44 state 16000/38416 (42%)
[P4] iter 44 state 18000/38416 (47%)
[P4] iter 44 state 20000/38416 (52%)
[P4] iter 44 state 22000/38416 (57%)
[P4] iter 44 state 24000/38416 (62%)
[P4] iter 44 state 26000/38416 (68%)
[P4] iter 44 state 28000/38416 (73%)
[P4] iter 44 state 30000/38416 (78%)
[P4] iter 44 state 32000/38416 (83%)
[P4] iter 44 state 34000/38416 (89%)
[P4] iter 44 state 36000/38416 (94%)
[P4] iter 44 state 38000/38416 (99%)
[P4] iter 44 state 38415/38416 (100%)
[P4] iter 44 done: span=1.053967 pi~4.9340 
[P4] iter 45 state 2000/38416 (5%)
[P4] iter 45 state 4000/38416 (10%)
[P4] iter 45 state 6000/38416 (16%)
[P4] iter 45 state 8000/38416 (21%)
[P4] iter 45 state 10000/38416 (26%)
[P4] iter 45 state 12000/38416 (31%)
[P4] iter 45 state 14000/38416 (36%)
[P4] iter 45 state 16000/38416 (42%)
[P4] iter 45 state 18000/38416 (47%)
[P4] iter 45 state 20000/38416 (52%)
[P4] iter 45 state 22000/38416 (57%)
[P4] iter 45 state 24000/38416 (62%)
[P4] iter 45 state 26000/38416 (68%)
[P4] iter 45 state 28000/38416 (73%)
[P4] iter 45 state 30000/38416 (78%)
[P4] iter 45 state 32000/38416 (83%)
[P4] iter 45 state 34000/38416 (89%)
[P4] iter 45 state 36000/38416 (94%)
[P4] iter 45 state 38000/38416 (99%)
[P4] iter 45 state 38415/38416 (100%)
[P4] iter 45 done: span=1.053145 pi~4.9301 
[P4] iter 46 state 2000/38416 (5%)
[P4] iter 46 state 4000/38416 (10%)
[P4] iter 46 state 6000/38416 (16%)
[P4] iter 46 state 8000/38416 (21%)
[P4] iter 46 state 10000/38416 (26%)
[P4] iter 46 state 12000/38416 (31%)
[P4] iter 46 state 14000/38416 (36%)
[P4] iter 46 state 16000/38416 (42%)
[P4] iter 46 state 18000/38416 (47%)
[P4] iter 46 state 20000/38416 (52%)
[P4] iter 46 state 22000/38416 (57%)
[P4] iter 46 state 24000/38416 (62%)
[P4] iter 46 state 26000/38416 (68%)
[P4] iter 46 state 28000/38416 (73%)
[P4] iter 46 state 30000/38416 (78%)
[P4] iter 46 state 32000/38416 (83%)
[P4] iter 46 state 34000/38416 (89%)
[P4] iter 46 state 36000/38416 (94%)
[P4] iter 46 state 38000/38416 (99%)
[P4] iter 46 state 38415/38416 (100%)
[P4] iter 46 done: span=1.044238 pi~4.9322 
[P4] iter 47 state 2000/38416 (5%)
[P4] iter 47 state 4000/38416 (10%)
[P4] iter 47 state 6000/38416 (16%)
[P4] iter 47 state 8000/38416 (21%)
[P4] iter 47 state 10000/38416 (26%)
[P4] iter 47 state 12000/38416 (31%)
[P4] iter 47 state 14000/38416 (36%)
[P4] iter 47 state 16000/38416 (42%)
[P4] iter 47 state 18000/38416 (47%)
[P4] iter 47 state 20000/38416 (52%)
[P4] iter 47 state 22000/38416 (57%)
[P4] iter 47 state 24000/38416 (62%)
[P4] iter 47 state 26000/38416 (68%)
[P4] iter 47 state 28000/38416 (73%)
[P4] iter 47 state 30000/38416 (78%)
[P4] iter 47 state 32000/38416 (83%)
[P4] iter 47 state 34000/38416 (89%)
[P4] iter 47 state 36000/38416 (94%)
[P4] iter 47 state 38000/38416 (99%)
[P4] iter 47 state 38415/38416 (100%)
[P4] iter 47 done: span=1.043248 pi~4.9285 
[P4] iter 48 state 2000/38416 (5%)
[P4] iter 48 state 4000/38416 (10%)
[P4] iter 48 state 6000/38416 (16%)
[P4] iter 48 state 8000/38416 (21%)
[P4] iter 48 state 10000/38416 (26%)
[P4] iter 48 state 12000/38416 (31%)
[P4] iter 48 state 14000/38416 (36%)
[P4] iter 48 state 16000/38416 (42%)
[P4] iter 48 state 18000/38416 (47%)
[P4] iter 48 state 20000/38416 (52%)
[P4] iter 48 state 22000/38416 (57%)
[P4] iter 48 state 24000/38416 (62%)
[P4] iter 48 state 26000/38416 (68%)
[P4] iter 48 state 28000/38416 (73%)
[P4] iter 48 state 30000/38416 (78%)
[P4] iter 48 state 32000/38416 (83%)
[P4] iter 48 state 34000/38416 (89%)
[P4] iter 48 state 36000/38416 (94%)
[P4] iter 48 state 38000/38416 (99%)
[P4] iter 48 state 38415/38416 (100%)
[P4] iter 48 done: span=1.041324 pi~4.9252 
[P4] iter 49 state 2000/38416 (5%)
[P4] iter 49 state 4000/38416 (10%)
[P4] iter 49 state 6000/38416 (16%)
[P4] iter 49 state 8000/38416 (21%)
[P4] iter 49 state 10000/38416 (26%)
[P4] iter 49 state 12000/38416 (31%)
[P4] iter 49 state 14000/38416 (36%)
[P4] iter 49 state 16000/38416 (42%)
[P4] iter 49 state 18000/38416 (47%)
[P4] iter 49 state 20000/38416 (52%)
[P4] iter 49 state 22000/38416 (57%)
[P4] iter 49 state 24000/38416 (62%)
[P4] iter 49 state 26000/38416 (68%)
[P4] iter 49 state 28000/38416 (73%)
[P4] iter 49 state 30000/38416 (78%)
[P4] iter 49 state 32000/38416 (83%)
[P4] iter 49 state 34000/38416 (89%)
[P4] iter 49 state 36000/38416 (94%)
[P4] iter 49 state 38000/38416 (99%)
[P4] iter 49 state 38415/38416 (100%)
[P4] iter 49 done: span=1.040510 pi~4.9221 
[P4] iter 50 state 2000/38416 (5%)
[P4] iter 50 state 4000/38416 (10%)
[P4] iter 50 state 6000/38416 (16%)
[P4] iter 50 state 8000/38416 (21%)
[P4] iter 50 state 10000/38416 (26%)
[P4] iter 50 state 12000/38416 (31%)
[P4] iter 50 state 14000/38416 (36%)
[P4] iter 50 state 16000/38416 (42%)
[P4] iter 50 state 18000/38416 (47%)
[P4] iter 50 state 20000/38416 (52%)
[P4] iter 50 state 22000/38416 (57%)
[P4] iter 50 state 24000/38416 (62%)
[P4] iter 50 state 26000/38416 (68%)
[P4] iter 50 state 28000/38416 (73%)
[P4] iter 50 state 30000/38416 (78%)
[P4] iter 50 state 32000/38416 (83%)
[P4] iter 50 state 34000/38416 (89%)
[P4] iter 50 state 36000/38416 (94%)
[P4] iter 50 state 38000/38416 (99%)
[P4] iter 50 state 38415/38416 (100%)
[P4] iter 50 done: span=1.039361 pi~4.9192 
[P4] iter 51 state 2000/38416 (5%)
[P4] iter 51 state 4000/38416 (10%)
[P4] iter 51 state 6000/38416 (16%)
[P4] iter 51 state 8000/38416 (21%)
[P4] iter 51 state 10000/38416 (26%)
[P4] iter 51 state 12000/38416 (31%)
[P4] iter 51 state 14000/38416 (36%)
[P4] iter 51 state 16000/38416 (42%)
[P4] iter 51 state 18000/38416 (47%)
[P4] iter 51 state 20000/38416 (52%)
[P4] iter 51 state 22000/38416 (57%)
[P4] iter 51 state 24000/38416 (62%)
[P4] iter 51 state 26000/38416 (68%)
[P4] iter 51 state 28000/38416 (73%)
[P4] iter 51 state 30000/38416 (78%)
[P4] iter 51 state 32000/38416 (83%)
[P4] iter 51 state 34000/38416 (89%)
[P4] iter 51 state 36000/38416 (94%)
[P4] iter 51 state 38000/38416 (99%)
[P4] iter 51 state 38415/38416 (100%)
[P4] iter 51 done: span=1.038827 pi~4.9159 
[P4] iter 52 state 2000/38416 (5%)
[P4] iter 52 state 4000/38416 (10%)
[P4] iter 52 state 6000/38416 (16%)
[P4] iter 52 state 8000/38416 (21%)
[P4] iter 52 state 10000/38416 (26%)
[P4] iter 52 state 12000/38416 (31%)
[P4] iter 52 state 14000/38416 (36%)
[P4] iter 52 state 16000/38416 (42%)
[P4] iter 52 state 18000/38416 (47%)
[P4] iter 52 state 20000/38416 (52%)
[P4] iter 52 state 22000/38416 (57%)
[P4] iter 52 state 24000/38416 (62%)
[P4] iter 52 state 26000/38416 (68%)
[P4] iter 52 state 28000/38416 (73%)
[P4] iter 52 state 30000/38416 (78%)
[P4] iter 52 state 32000/38416 (83%)
[P4] iter 52 state 34000/38416 (89%)
[P4] iter 52 state 36000/38416 (94%)
[P4] iter 52 state 38000/38416 (99%)
[P4] iter 52 state 38415/38416 (100%)
[P4] iter 52 done: span=1.038073 pi~4.9123 
[P4] iter 53 state 2000/38416 (5%)
[P4] iter 53 state 4000/38416 (10%)
[P4] iter 53 state 6000/38416 (16%)
[P4] iter 53 state 8000/38416 (21%)
[P4] iter 53 state 10000/38416 (26%)
[P4] iter 53 state 12000/38416 (31%)
[P4] iter 53 state 14000/38416 (36%)
[P4] iter 53 state 16000/38416 (42%)
[P4] iter 53 state 18000/38416 (47%)
[P4] iter 53 state 20000/38416 (52%)
[P4] iter 53 state 22000/38416 (57%)
[P4] iter 53 state 24000/38416 (62%)
[P4] iter 53 state 26000/38416 (68%)
[P4] iter 53 state 28000/38416 (73%)
[P4] iter 53 state 30000/38416 (78%)
[P4] iter 53 state 32000/38416 (83%)
[P4] iter 53 state 34000/38416 (89%)
[P4] iter 53 state 36000/38416 (94%)
[P4] iter 53 state 38000/38416 (99%)
[P4] iter 53 state 38415/38416 (100%)
[P4] iter 53 done: span=1.035456 pi~4.9096 
[P4] iter 54 state 2000/38416 (5%)
[P4] iter 54 state 4000/38416 (10%)
[P4] iter 54 state 6000/38416 (16%)
[P4] iter 54 state 8000/38416 (21%)
[P4] iter 54 state 10000/38416 (26%)
[P4] iter 54 state 12000/38416 (31%)
[P4] iter 54 state 14000/38416 (36%)
[P4] iter 54 state 16000/38416 (42%)
[P4] iter 54 state 18000/38416 (47%)
[P4] iter 54 state 20000/38416 (52%)
[P4] iter 54 state 22000/38416 (57%)
[P4] iter 54 state 24000/38416 (62%)
[P4] iter 54 state 26000/38416 (68%)
[P4] iter 54 state 28000/38416 (73%)
[P4] iter 54 state 30000/38416 (78%)
[P4] iter 54 state 32000/38416 (83%)
[P4] iter 54 state 34000/38416 (89%)
[P4] iter 54 state 36000/38416 (94%)
[P4] iter 54 state 38000/38416 (99%)
[P4] iter 54 state 38415/38416 (100%)
[P4] iter 54 done: span=1.034411 pi~4.9062 
[P4] iter 55 state 2000/38416 (5%)
[P4] iter 55 state 4000/38416 (10%)
[P4] iter 55 state 6000/38416 (16%)
[P4] iter 55 state 8000/38416 (21%)
[P4] iter 55 state 10000/38416 (26%)
[P4] iter 55 state 12000/38416 (31%)
[P4] iter 55 state 14000/38416 (36%)
[P4] iter 55 state 16000/38416 (42%)
[P4] iter 55 state 18000/38416 (47%)
[P4] iter 55 state 20000/38416 (52%)
[P4] iter 55 state 22000/38416 (57%)
[P4] iter 55 state 24000/38416 (62%)
[P4] iter 55 state 26000/38416 (68%)
[P4] iter 55 state 28000/38416 (73%)
[P4] iter 55 state 30000/38416 (78%)
[P4] iter 55 state 32000/38416 (83%)
[P4] iter 55 state 34000/38416 (89%)
[P4] iter 55 state 36000/38416 (94%)
[P4] iter 55 state 38000/38416 (99%)
[P4] iter 55 state 38415/38416 (100%)
[P4] iter 55 done: span=1.034242 pi~4.9031 
[P4] iter 56 state 2000/38416 (5%)
[P4] iter 56 state 4000/38416 (10%)
[P4] iter 56 state 6000/38416 (16%)
[P4] iter 56 state 8000/38416 (21%)
[P4] iter 56 state 10000/38416 (26%)
[P4] iter 56 state 12000/38416 (31%)
[P4] iter 56 state 14000/38416 (36%)
[P4] iter 56 state 16000/38416 (42%)
[P4] iter 56 state 18000/38416 (47%)
[P4] iter 56 state 20000/38416 (52%)
[P4] iter 56 state 22000/38416 (57%)
[P4] iter 56 state 24000/38416 (62%)
[P4] iter 56 state 26000/38416 (68%)
[P4] iter 56 state 28000/38416 (73%)
[P4] iter 56 state 30000/38416 (78%)
[P4] iter 56 state 32000/38416 (83%)
[P4] iter 56 state 34000/38416 (89%)
[P4] iter 56 state 36000/38416 (94%)
[P4] iter 56 state 38000/38416 (99%)
[P4] iter 56 state 38415/38416 (100%)
[P4] iter 56 done: span=1.033913 pi~4.8997 
[P4] iter 57 state 2000/38416 (5%)
[P4] iter 57 state 4000/38416 (10%)
[P4] iter 57 state 6000/38416 (16%)
[P4] iter 57 state 8000/38416 (21%)
[P4] iter 57 state 10000/38416 (26%)
[P4] iter 57 state 12000/38416 (31%)
[P4] iter 57 state 14000/38416 (36%)
[P4] iter 57 state 16000/38416 (42%)
[P4] iter 57 state 18000/38416 (47%)
[P4] iter 57 state 20000/38416 (52%)
[P4] iter 57 state 22000/38416 (57%)
[P4] iter 57 state 24000/38416 (62%)
[P4] iter 57 state 26000/38416 (68%)
[P4] iter 57 state 28000/38416 (73%)
[P4] iter 57 state 30000/38416 (78%)
[P4] iter 57 state 32000/38416 (83%)
